Blackbox_Sentinel/ml/traffic.csvtimestamp,packets_per_sec,avg_packet_size,max_packet_size,min_packet_size,tcp_count,udp_count,icmp_count,unique_src_ips,unique_dst_ips,syn_count,ack_count,fin_count,rst_count,psh_count,urg_count,syn_ratio,ack_ratio,fin_ratio,rst_ratio,psh_ratio,urg_ratio
2026-08-04T00:01:58.689981,22,444.82,1296,56,4,17,0,4,6,1,3,0,0,2,0,0.25,0.75,0.0,0.0,0.5,0.0
2026-08-04T00:02:00.704146,35,355.31,1296,56,4,29,0,6,5,0,4,0,0,2,0,0.0,1.0,0.0,0.0,0.5,0.0
2026-08-04T00:02:02.798954,8,71.25,178,56,0,1,0,1,1,0,0,0,0,0,0,0,0,0,0,0,0
2026-08-04T00:02:04.846886,21,83.52,350,42,4,2,0,4,4,0,4,0,0,2,0,0.0,1.0,0.0,0.0,0.5,0.0
2026-08-04T00:02:06.889734,11,57.55,72,42,0,2,0,2,2,0,0,0,0,0,0,0,0,0,0,0,0
2026-08-04T00:02:08.907011,9,90.67,212,56,0,2,0,2,1,0,0,0,0,0,0,0,0,0,0,0,0
2026-08-04T00:02:10.938025,284,956.23,1292,56,0,278,0,6,3,0,0,0,0,0,0,0,0,0,0,0,0
2026-08-04T00:02:12.946256,9,238.44,508,56,0,7,0,5,4,0,0,0,0,0,0,0,0,0,0,0,0
2026-08-04T00:02:14.998225,270,989.71,1292,56,6,262,0,4,4,0,6,0,0,4,0,0.0,1.0,0.0,0.0,0.6667,0.0
2026-08-04T00:02:17.010649,13,122.38,601,54,8,0,0,2,2,0,8,0,0,4,0,0.0,1.0,0.0,0.0,0.5,0.0
2026-08-04T00:02:19.080450,12,87.33,176,56,0,4,0,1,1,0,0,0,0,0,0,0,0,0,0,0,0
2026-08-04T00:02:21.099834,6,100.67,178,56,0,3,0,2,2,0,0,0,0,0,0,0,0,0,0,0,0
2026-08-04T00:02:23.110602,43,1037.6,1292,56,0,41,0,2,2,0,0,0,0,0,0,0,0,0,0,0,0
2026-08-04T00:02:25.131793,229,1020.31,1292,56,0,227,0,4,4,0,0,0,0,0,0,0,0,0,0,0,0
2026-08-04T00:02:27.151701,6,285.33,718,56,0,4,0,2,2,0,0,0,0,0,0,0,0,0,0,0,0
2026-08-04T00:02:29.164148,6,299.33,718,56,0,3,0,2,1,0,0,0,0,0,0,0,0,0,0,0,0
2026-08-04T00:02:31.285333,14,223.29,718,42,3,9,0,6,4,0,3,0,0,2,0,0.0,1.0,0.0,0.0,0.6667,0.0
2026-08-04T00:02:33.319837,48,985.94,1292,56,0,46,0,4,4,0,0,0,0,0,0,0,0,0,0,0,0
2026-08-04T00:02:35.365551,10,70.2,86,56,6,1,0,3,3,0,6,0,0,4,0,0.0,1.0,0.0,0.0,0.6667,0.0
2026-08-04T00:02:37.388977,315,926.91,16460,54,27,284,0,7,7,0,27,0,0,14,0,0.0,1.0,0.0,0.0,0.5185,0.0
2026-08-04T00:02:39.398624,2,56.0,56,56,0,0,0,0,0,0,0,0,0,0,0,0,0,0,0,0,0
2026-08-04T00:02:41.414430,7,91.14,154,54,3,2,0,3,3,0,3,0,0,1,0,0.0,1.0,0.0,0.0,0.3333,0.0
2026-08-04T00:02:43.511503,39,492.9,10411,54,16,20,0,6,6,0,16,0,0,7,0,0.0,1.0,0.0,0.0,0.4375,0.0
2026-08-04T00:02:45.526088,29,485.72,10411,54,18,8,0,5,6,0,18,0,0,6,0,0.0,1.0,0.0,0.0,0.3333,0.0
2026-08-04T00:02:47.536369,8,104.0,229,54,3,2,0,3,3,0,3,0,0,2,0,0.0,1.0,0.0,0.0,0.6667,0.0
2026-08-04T00:02:49.594536,4,83.75,167,56,0,1,0,1,1,0,0,0,0,0,0,0,0,0,0,0,0
2026-08-04T00:02:51.646238,45,438.36,1296,56,0,43,0,6,5,0,0,0,0,0,0,0,0,0,0,0,0
2026-08-04T00:02:53.679332,57,750.63,2922,54,7,46,0,7,7,0,7,0,0,4,0,0.0,1.0,0.0,0.0,0.5714,0.0
2026-08-04T00:03:42.616737,23,139.3,591,42,0,11,0,5,3,0,0,0,0,0,0,0,0,0,0,0,0
2026-08-04T00:03:44.735029,1085,729.84,2882,42,23,1056,0,14,14,2,22,2,0,8,0,0.087,0.9565,0.087,0.0,0.3478,0.0
2026-08-04T00:03:46.855408,743,670.23,2978,54,18,723,0,21,21,3,16,0,0,5,0,0.1667,0.8889,0.0,0.0,0.2778,0.0
2026-08-04T00:03:48.966242,613,765.38,2882,54,26,585,0,13,13,4,24,0,0,10,0,0.1538,0.9231,0.0,0.0,0.3846,0.0
2026-08-04T00:03:51.081032,761,712.38,2978,54,56,703,0,19,19,2,55,0,0,31,0,0.0357,0.9821,0.0,0.0,0.5536,0.0
2026-08-04T00:03:53.169584,457,611.85,2974,54,41,411,0,20,19,6,38,0,0,20,0,0.1463,0.9268,0.0,0.0,0.4878,0.0
2026-08-04T00:03:55.252019,500,783.15,1296,56,6,485,0,13,12,0,6,0,0,4,0,0.0,1.0,0.0,0.0,0.6667,0.0
2026-08-04T00:03:57.317691,521,962.62,4073,54,232,286,0,13,13,1,232,0,0,113,0,0.0043,1.0,0.0,0.0,0.4871,0.0
2026-08-04T00:03:59.501724,561,655.11,1690,54,6,553,0,13,13,0,6,0,0,4,0,0.0,1.0,0.0,0.0,0.6667,0.0
2026-08-04T00:04:01.528151,20,349.05,1292,56,0,16,0,4,4,0,0,0,0,0,0,0,0,0,0,0,0
2026-08-04T00:04:03.630091,1032,943.1,20494,42,341,602,0,24,24,14,334,1,1,170,0,0.0411,0.9795,0.0029,0.0029,0.4985,0.0
2026-08-04T00:04:05.739030,448,724.0,8814,54,209,227,0,17,18,1,208,0,0,106,0,0.0048,0.9952,0.0,0.0,0.5072,0.0
2026-08-04T00:04:07.820609,428,986.48,1296,42,3,417,0,9,9,0,3,0,0,2,0,0.0,1.0,0.0,0.0,0.6667,0.0
2026-08-04T00:04:09.916477,642,718.76,1296,56,0,634,0,11,11,0,0,0,0,0,0,0,0,0,0,0,0
2026-08-04T00:04:12.040065,591,559.07,1296,54,75,511,0,36,50,0,75,57,2,0,0,0.0,1.0,0.76,0.0267,0.0,0.0
2026-08-04T00:04:14.128675,442,663.69,11542,54,29,411,0,15,15,2,28,0,0,13,0,0.069,0.9655,0.0,0.0,0.4483,0.0
2026-08-04T00:04:16.151993,117,716.2,1296,56,0,114,0,6,6,0,0,0,0,0,0,0,0,0,0,0,0
2026-08-04T00:04:18.198061,277,547.45,7118,54,60,216,0,12,12,4,58,2,1,29,0,0.0667,0.9667,0.0333,0.0167,0.4833,0.0
2026-08-04T00:04:20.319282,761,721.77,2974,54,27,732,0,10,11,6,24,0,0,11,0,0.2222,0.8889,0.0,0.0,0.4074,0.0
2026-08-04T00:04:22.488989,795,697.19,5898,54,249,545,0,17,20,5,245,0,0,62,0,0.0201,0.9839,0.0,0.0,0.249,0.0
2026-08-04T00:04:24.615240,889,741.48,7258,54,196,689,0,14,13,5,195,0,0,51,0,0.0255,0.9949,0.0,0.0,0.2602,0.0
2026-08-04T00:04:26.730049,741,836.84,14554,54,72,668,0,14,13,7,68,0,0,23,0,0.0972,0.9444,0.0,0.0,0.3194,0.0
2026-08-04T00:04:28.849278,673,972.22,20498,54,190,482,0,15,15,6,187,0,0,94,0,0.0316,0.9842,0.0,0.0,0.4947,0.0
2026-08-04T00:04:30.985209,1225,1006.55,30298,42,873,351,0,16,15,16,865,8,4,231,0,0.0183,0.9908,0.0092,0.0046,0.2646,0.0
2026-08-04T00:04:33.090143,504,807.49,26338,42,146,357,0,21,21,8,143,0,0,75,0,0.0548,0.9795,0.0,0.0,0.5137,0.0
2026-08-04T00:04:35.405719,77,1189.18,28854,54,29,46,0,9,8,1,29,0,0,10,0,0.0345,1.0,0.0,0.0,0.3448,0.0
2026-08-04T00:04:37.427140,77,494.26,6336,54,39,35,0,8,10,4,37,1,0,13,0,0.1026,0.9487,0.0256,0.0,0.3333,0.0
2026-08-04T00:04:39.495594,854,818.06,11738,54,256,598,0,16,22,22,241,1,0,85,0,0.0859,0.9414,0.0039,0.0,0.332,0.0
2026-08-04T00:04:41.633890,1385,1088.26,7258,54,1366,19,0,14,14,7,1364,0,0,406,0,0.0051,0.9985,0.0,0.0,0.2972,0.0
2026-08-04T00:04:43.655963,10,207.3,718,55,3,6,0,6,5,1,3,0,0,0,0,0.3333,1.0,0.0,0.0,0.0,0.0
2026-08-04T00:04:45.750026,360,1326.74,24878,54,297,62,0,12,12,5,294,0,0,133,0,0.0168,0.9899,0.0,0.0,0.4478,0.0
2026-08-04T00:04:47.822358,423,1385.71,20218,54,394,29,0,9,9,0,394,0,0,104,0,0.0,1.0,0.0,0.0,0.264,0.0
2026-08-04T00:04:49.876893,215,469.75,5678,54,142,72,0,13,14,12,136,15,6,68,0,0.0845,0.9577,0.1056,0.0423,0.4789,0.0
2026-08-04T00:04:52.008131,328,902.0,4434,54,59,267,0,10,13,5,55,0,0,26,0,0.0847,0.9322,0.0,0.0,0.4407,0.0
2026-08-04T00:04:54.040248,244,988.06,29258,54,149,93,0,10,10,17,141,0,0,62,0,0.1141,0.9463,0.0,0.0,0.4161,0.0
2026-08-04T00:04:56.054960,34,353.24,2978,54,16,17,0,6,5,2,15,0,0,8,0,0.125,0.9375,0.0,0.0,0.5,0.0
2026-08-04T00:04:58.167566,254,920.41,1292,55,9,244,0,9,9,0,9,0,0,2,0,0.0,1.0,0.0,0.0,0.2222,0.0
2026-08-04T00:05:00.275730,82,649.5,1292,54,13,65,0,11,10,0,13,1,0,6,0,0.0,1.0,0.0769,0.0,0.4615,0.0
2026-08-04T00:05:02.341115,537,1128.47,38018,54,433,99,0,11,12,1,432,2,0,167,0,0.0023,0.9977,0.0046,0.0,0.3857,0.0
2026-08-04T00:05:04.528787,1076,1445.19,23418,42,1025,39,0,21,21,1,1025,0,0,480,0,0.001,1.0,0.0,0.0,0.4683,0.0
2026-08-04T00:05:06.613128,787,1384.2,42398,42,765,15,0,13,13,0,765,2,0,294,0,0.0,1.0,0.0026,0.0,0.3843,0.0
2026-08-04T00:05:08.760560,1268,1153.65,8698,54,1210,45,0,10,10,0,1210,0,0,371,0,0.0,1.0,0.0,0.0,0.3066,0.0
2026-08-04T00:05:10.812801,46,194.46,1292,55,26,14,0,10,10,0,26,0,0,5,0,0.0,1.0,0.0,0.0,0.1923,0.0
2026-08-04T00:05:12.833955,88,422.2,1292,54,8,76,0,11,10,0,8,2,0,1,0,0.0,1.0,0.25,0.0,0.125,0.0
2026-08-04T00:05:14.916656,31,171.65,1292,55,10,16,0,7,7,0,10,0,0,2,0,0.0,1.0,0.0,0.0,0.2,0.0
2026-08-04T00:05:16.952139,41,86.24,488,54,29,5,0,17,17,0,29,1,0,3,0,0.0,1.0,0.0345,0.0,0.1034,0.0
2026-08-04T00:05:19.004504,59,448.58,10172,54,47,3,0,11,12,2,46,2,0,13,0,0.0426,0.9787,0.0426,0.0,0.2766,0.0
2026-08-04T00:05:21.075683,223,1060.85,1292,54,4,215,0,7,6,0,4,0,0,1,0,0.0,1.0,0.0,0.0,0.25,0.0
2026-08-04T00:05:23.097773,52,232.67,1376,54,26,20,0,11,11,0,26,5,0,8,0,0.0,1.0,0.1923,0.0,0.3077,0.0
2026-08-04T00:05:25.126230,58,331.02,8487,54,40,13,0,11,11,0,40,7,0,14,0,0.0,1.0,0.175,0.0,0.35,0.0
2026-08-04T00:05:27.143947,20,164.5,718,55,2,14,0,6,5,0,2,0,0,0,0,0.0,1.0,0.0,0.0,0.0,0.0
2026-08-04T00:05:29.247386,59,269.44,2650,54,39,17,0,12,10,0,39,10,8,6,0,0.0,1.0,0.2564,0.2051,0.1538,0.0
2026-08-04T00:05:31.317824,443,889.87,5898,54,331,105,0,13,13,0,331,7,0,75,0,0.0,1.0,0.0211,0.0,0.2266,0.0
2026-08-04T00:05:33.372969,161,1309.53,14458,54,140,15,0,11,9,0,140,0,0,75,0,0.0,1.0,0.0,0.0,0.5357,0.0
2026-08-04T00:05:35.384856,31,247.9,1292,54,5,22,0,8,6,0,5,0,0,3,0,0.0,1.0,0.0,0.0,0.6,0.0
2026-08-04T00:05:37.439376,111,716.43,7358,54,38,67,0,15,12,0,38,0,0,19,0,0.0,1.0,0.0,0.0,0.5,0.0
2026-08-04T00:05:39.492478,210,540.72,5898,54,77,128,0,16,15,0,77,2,1,38,0,0.0,1.0,0.026,0.013,0.4935,0.0
2026-08-04T00:05:41.539696,130,1226.57,8818,54,102,25,0,14,11,0,102,4,0,46,0,0.0,1.0,0.0392,0.0,0.451,0.0
2026-08-04T00:05:43.616589,231,1254.41,13018,54,178,50,0,15,14,0,178,0,0,80,0,0.0,1.0,0.0,0.0,0.4494,0.0
2026-08-04T00:05:45.655577,80,778.21,4438,42,27,48,0,11,9,0,27,2,0,12,0,0.0,1.0,0.0741,0.0,0.4444,0.0
2026-08-04T00:05:47.732674,284,1371.58,13018,54,242,40,0,14,12,0,242,2,2,111,0,0.0,1.0,0.0083,0.0083,0.4587,0.0
2026-08-04T00:05:49.859900,619,1142.04,20218,54,605,11,0,14,11,1,605,3,1,131,0,0.0017,1.0,0.005,0.0017,0.2165,0.0
2026-08-04T00:05:51.999914,600,1167.5,13018,54,587,8,0,12,12,0,587,0,0,172,0,0.0,1.0,0.0,0.0,0.293,0.0
2026-08-04T00:05:54.073674,104,524.41,16460,54,53,43,0,13,13,0,53,0,0,24,0,0.0,1.0,0.0,0.0,0.4528,0.0
2026-08-04T00:05:56.170252,10,57.3,70,55,2,0,0,2,2,0,2,0,0,0,0,0.0,1.0,0.0,0.0,0.0,0.0
2026-08-04T00:05:58.224429,21,135.1,490,55,7,8,0,8,6,0,7,0,0,2,0,0.0,1.0,0.0,0.0,0.2857,0.0
2026-08-04T00:06:00.265661,10,84.7,178,55,2,4,0,4,4,0,2,0,0,0,0,0.0,1.0,0.0,0.0,0.0,0.0
2026-08-04T00:06:02.278428,26,86.96,303,55,14,4,0,10,10,0,14,0,0,0,0,0.0,1.0,0.0,0.0,0.0,0.0
2026-08-04T00:06:04.295504,94,361.87,2650,42,19,60,0,10,11,0,19,0,0,9,0,0.0,1.0,0.0,0.0,0.4737,0.0
2026-08-04T00:06:06.309004,16,90.81,457,56,0,2,0,2,2,0,0,0,0,0,0,0,0,0,0,0,0
2026-08-04T00:06:08.324688,17,76.65,212,55,6,2,0,5,4,0,6,0,0,0,0,0.0,1.0,0.0,0.0,0.0,0.0
2026-08-04T00:06:10.338643,11,106.55,212,56,0,4,0,3,1,0,0,0,0,0,0,0,0,0,0,0,0
2026-08-04T00:06:12.357968,25,204.4,1292,54,4,15,0,4,6,0,4,0,2,0,0,0.0,1.0,0.0,0.5,0.0,0.0
2026-08-04T00:06:14.473603,869,1432.65,14458,54,829,36,0,8,8,0,829,0,0,279,0,0.0,1.0,0.0,0.0,0.3366,0.0
2026-08-04T00:06:16.520813,382,914.66,16118,54,284,91,0,12,12,2,283,0,0,119,0,0.007,0.9965,0.0,0.0,0.419,0.0
2026-08-04T00:06:18.578257,71,730.94,2978,54,50,16,0,9,8,0,50,2,1,28,0,0.0,1.0,0.04,0.02,0.56,0.0
2026-08-04T00:06:20.696178,72,1142.46,5898,54,67,2,0,4,4,0,67,2,0,35,0,0.0,1.0,0.0299,0.0,0.5224,0.0
2026-08-04T00:06:22.902474,840,1198.12,14658,54,800,39,0,11,11,1,800,0,0,272,0,0.0013,1.0,0.0,0.0,0.34,0.0
2026-08-04T00:06:25.043535,1510,1010.22,8488,54,1458,50,0,13,12,0,1458,0,0,380,0,0.0,1.0,0.0,0.0,0.2606,0.0
2026-08-04T00:06:27.170518,1376,1086.33,8818,54,1370,4,0,9,9,0,1370,2,0,366,0,0.0,1.0,0.0015,0.0,0.2672,0.0
2026-08-04T00:06:29.284253,475,1115.11,5898,54,472,1,0,6,6,0,472,2,0,122,0,0.0,1.0,0.0042,0.0,0.2585,0.0
2026-08-04T00:06:31.308854,25,2746.4,14654,42,21,1,0,3,3,0,21,0,0,10,0,0.0,1.0,0.0,0.0,0.4762,0.0
2026-08-04T00:06:33.351971,59,1243.24,20494,42,49,6,0,12,12,0,49,8,0,16,0,0.0,1.0,0.1633,0.0,0.3265,0.0
2026-08-04T00:06:35.375263,12,135.25,471,55,8,2,0,6,5,0,8,0,0,4,0,0.0,1.0,0.0,0.0,0.5,0.0
2026-08-04T00:06:37.390836,12,157.42,508,55,4,7,0,6,5,0,4,0,0,0,0,0.0,1.0,0.0,0.0,0.0,0.0
2026-08-04T00:06:39.428538,24,175.75,1376,54,20,3,0,5,8,0,20,6,3,5,0,0.0,1.0,0.3,0.15,0.25,0.0
2026-08-04T00:06:41.483400,32,220.22,932,55,8,23,0,7,7,0,8,0,0,3,0,0.0,1.0,0.0,0.0,0.375,0.0
2026-08-04T00:06:43.492206,17,171.59,1288,54,9,6,0,6,6,0,9,2,1,1,0,0.0,1.0,0.2222,0.1111,0.1111,0.0
2026-08-04T00:06:45.506170,10,188.9,1222,55,4,2,0,4,4,0,4,0,0,1,0,0.0,1.0,0.0,0.0,0.25,0.0
2026-08-04T00:06:47.529378,17,75.65,139,55,12,4,0,9,8,0,12,0,0,0,0,0.0,1.0,0.0,0.0,0.0,0.0
2026-08-04T00:06:49.584840,51,390.57,8622,54,35,13,0,8,9,2,34,0,0,14,0,0.0571,0.9714,0.0,0.0,0.4,0.0
2026-08-04T00:06:51.610095,20,194.65,1376,54,10,5,0,6,6,0,10,2,1,4,0,0.0,1.0,0.2,0.1,0.4,0.0
2026-08-04T00:06:53.643446,52,645.02,16460,54,19,30,0,7,8,0,19,0,0,6,0,0.0,1.0,0.0,0.0,0.3158,0.0
2026-08-04T00:06:55.657386,9,220.67,1222,56,2,2,0,3,3,0,2,0,0,1,0,0.0,1.0,0.0,0.0,0.5,0.0
2026-08-04T00:06:57.671779,13,82.38,123,55,2,6,0,4,3,0,2,0,0,0,0,0.0,1.0,0.0,0.0,0.0,0.0
2026-08-04T00:06:59.696499,32,151.16,1292,55,9,20,0,9,9,0,9,0,0,2,0,0.0,1.0,0.0,0.0,0.2222,0.0
2026-08-04T00:07:01.711494,32,153.94,1377,54,16,9,0,7,6,0,16,2,0,7,0,0.0,1.0,0.125,0.0,0.4375,0.0
2026-08-04T00:07:03.741257,126,88.93,1286,42,13,18,0,9,6,0,13,5,0,2,0,0.0,1.0,0.3846,0.0,0.1538,0.0
2026-08-04T00:07:05.798368,18,113.94,432,55,1,6,0,3,2,0,1,0,0,0,0,0.0,1.0,0.0,0.0,0.0,0.0
2026-08-04T00:07:07.821403,25,135.8,1884,42,14,2,0,6,7,1,14,2,0,2,0,0.0714,1.0,0.1429,0.0,0.1429,0.0
2026-08-04T00:07:09.845068,18,60.0,82,42,8,0,0,3,3,0,8,2,0,3,0,0.0,1.0,0.25,0.0,0.375,0.0
2026-08-04T00:07:11.947752,61,336.74,1296,54,22,30,0,9,9,0,22,0,0,9,0,0.0,1.0,0.0,0.0,0.4091,0.0
2026-08-04T00:07:13.972563,67,450.24,5898,54,26,36,0,9,8,0,26,0,0,12,0,0.0,1.0,0.0,0.0,0.4615,0.0
2026-08-04T00:07:15.997899,152,755.09,1376,54,5,139,0,6,6,0,5,0,0,3,0,0.0,1.0,0.0,0.0,0.6,0.0
2026-08-04T00:07:18.026784,329,693.45,4438,54,28,297,0,9,9,0,28,0,0,14,0,0.0,1.0,0.0,0.0,0.5,0.0
2026-08-04T00:07:20.175901,1227,686.9,8487,54,94,1129,0,14,14,3,92,0,0,21,0,0.0319,0.9787,0.0,0.0,0.2234,0.0
2026-08-04T00:07:22.330995,738,668.49,5898,54,379,355,0,23,21,6,377,0,0,176,0,0.0158,0.9947,0.0,0.0,0.4644,0.0
2026-08-04T00:07:24.476438,675,684.94,2970,54,21,651,0,12,12,2,21,0,0,9,0,0.0952,1.0,0.0,0.0,0.4286,0.0
2026-08-04T00:07:26.556146,356,693.96,2570,54,45,310,0,17,20,3,43,0,0,16,0,0.0667,0.9556,0.0,0.0,0.3556,0.0
2026-08-04T00:07:28.710291,734,689.09,2898,54,138,594,0,18,19,16,131,3,1,58,0,0.1159,0.9493,0.0217,0.0072,0.4203,0.0
2026-08-04T00:07:30.828807,598,624.22,5718,54,291,305,0,37,35,11,286,9,2,143,0,0.0378,0.9828,0.0309,0.0069,0.4914,0.0
2026-08-04T00:07:32.911456,335,411.52,5818,54,157,176,0,21,22,7,153,2,0,82,0,0.0446,0.9745,0.0127,0.0,0.5223,0.0
2026-08-04T00:07:35.140448,1247,1172.27,14214,54,994,247,0,15,16,4,992,2,0,410,0,0.004,0.998,0.002,0.0,0.4125,0.0
2026-08-04T00:07:37.254113,42,224.1,2898,54,25,10,0,6,5,0,25,1,0,13,0,0.0,1.0,0.04,0.0,0.52,0.0
2026-08-04T00:07:39.308936,80,352.52,3627,54,75,2,0,6,7,3,75,0,0,40,0,0.04,1.0,0.0,0.0,0.5333,0.0
2026-08-04T00:07:41.339865,35,235.14,2251,54,20,8,0,7,5,2,20,0,0,11,0,0.1,1.0,0.0,0.0,0.55,0.0
2026-08-04T00:07:43.358275,30,231.43,2306,56,15,9,0,4,5,0,15,0,0,9,0,0.0,1.0,0.0,0.0,0.6,0.0
2026-08-04T00:07:45.433052,63,318.59,1296,42,32,22,0,5,5,0,32,0,0,17,0,0.0,1.0,0.0,0.0,0.5312,0.0
2026-08-04T00:07:47.482302,66,504.48,2974,54,56,5,0,7,6,0,56,0,0,33,0,0.0,1.0,0.0,0.0,0.5893,0.0
2026-08-04T00:07:49.525916,30,132.13,471,56,7,14,0,7,6,0,7,0,0,4,0,0.0,1.0,0.0,0.0,0.5714,0.0
2026-08-04T00:07:51.546073,37,403.46,9171,54,29,3,0,6,7,0,29,5,0,11,0,0.0,1.0,0.1724,0.0,0.3793,0.0
2026-08-04T00:07:53.623915,27,117.04,1286,55,10,11,0,7,6,0,10,0,0,0,0,0.0,1.0,0.0,0.0,0.0,0.0
2026-08-04T00:07:55.677742,73,317.4,1569,54,36,28,0,6,7,0,36,0,0,22,0,0.0,1.0,0.0,0.0,0.6111,0.0
2026-08-04T00:07:57.690519,5,56.0,56,56,0,0,0,0,0,0,0,0,0,0,0,0,0,0,0,0,0
2026-08-04T00:07:59.718963,426,859.56,2650,54,17,406,0,10,10,0,17,0,0,8,0,0.0,1.0,0.0,0.0,0.4706,0.0
2026-08-04T00:08:01.742858,281,612.16,1278,54,6,267,0,9,8,0,6,1,0,3,0,0.0,1.0,0.1667,0.0,0.5,0.0
2026-08-04T00:08:03.797883,654,980.53,29258,42,176,401,0,18,26,12,167,2,2,48,0,0.0682,0.9489,0.0114,0.0114,0.2727,0.0
2026-08-04T00:08:05.832532,323,1116.34,5898,54,261,48,0,17,16,0,261,0,0,90,0,0.0,1.0,0.0,0.0,0.3448,0.0
2026-08-04T00:08:07.958366,708,975.92,64122,42,260,441,0,29,30,4,258,0,0,94,0,0.0154,0.9923,0.0,0.0,0.3615,0.0
2026-08-04T00:08:10.017781,612,462.13,6956,54,129,473,0,38,37,4,127,1,0,62,0,0.031,0.9845,0.0078,0.0,0.4806,0.0
2026-08-04T00:08:12.147317,488,951.98,49562,54,200,283,0,26,29,11,194,4,2,82,0,0.055,0.97,0.02,0.01,0.41,0.0
2026-08-04T00:08:14.255532,420,460.22,2068,54,101,316,0,37,38,1,98,0,2,47,0,0.0099,0.9703,0.0,0.0198,0.4653,0.0
2026-08-04T00:08:16.338037,1061,733.16,2974,54,73,983,0,34,33,5,69,6,2,32,0,0.0685,0.9452,0.0822,0.0274,0.4384,0.0
2026-08-04T00:08:18.447504,314,926.7,21954,54,197,111,0,27,28,10,191,6,1,83,0,0.0508,0.9695,0.0305,0.0051,0.4213,0.0
2026-08-04T00:08:20.549721,443,712.53,16460,54,326,113,0,28,29,9,322,8,0,120,0,0.0276,0.9877,0.0245,0.0,0.3681,0.0
2026-08-04T00:08:22.600718,151,334.74,2648,54,46,102,0,21,16,2,46,4,0,16,0,0.0435,1.0,0.087,0.0,0.3478,0.0
2026-08-04T00:08:24.667300,362,886.59,2190,54,57,300,0,16,16,2,56,10,1,23,0,0.0351,0.9825,0.1754,0.0175,0.4035,0.0
2026-08-04T00:08:26.687987,30,79.17,167,54,22,6,0,9,8,0,22,8,0,7,0,0.0,1.0,0.3636,0.0,0.3182,0.0
2026-08-04T00:08:28.756662,80,204.2,1518,54,41,31,0,16,15,0,41,7,0,17,0,0.0,1.0,0.1707,0.0,0.4146,0.0
2026-08-04T00:08:30.799517,119,229.54,2222,54,63,53,0,22,19,2,62,15,6,18,0,0.0317,0.9841,0.2381,0.0952,0.2857,0.0
2026-08-04T00:08:32.857359,112,358.88,4378,42,66,41,0,18,14,2,65,8,1,27,0,0.0303,0.9848,0.1212,0.0152,0.4091,0.0
2026-08-04T00:08:34.874651,62,233.26,2248,54,34,25,0,12,10,2,33,1,1,18,0,0.0588,0.9706,0.0294,0.0294,0.5294,0.0
2026-08-04T00:08:37.051485,442,488.43,5898,54,91,344,0,25,23,4,89,0,0,48,0,0.044,0.978,0.0,0.0,0.5275,0.0
2026-08-04T00:08:39.136208,234,515.79,1498,54,37,194,0,12,12,0,37,5,0,13,0,0.0,1.0,0.1351,0.0,0.3514,0.0
2026-08-04T00:08:41.160060,48,157.88,1334,54,39,6,0,11,9,1,39,4,0,17,0,0.0256,1.0,0.1026,0.0,0.4359,0.0
2026-08-04T00:08:43.218623,19,196.53,1151,56,0,16,0,5,5,0,0,0,0,0,0,0,0,0,0,0,0
2026-08-04T00:08:45.304794,988,762.46,2247,54,72,912,0,22,22,2,71,0,0,39,0,0.0278,0.9861,0.0,0.0,0.5417,0.0
2026-08-04T00:08:47.384164,775,879.58,1296,54,27,744,0,12,13,0,27,7,0,9,0,0.0,1.0,0.2593,0.0,0.3333,0.0
2026-08-04T00:08:49.412995,197,175.9,2015,54,74,119,0,22,23,2,73,8,6,22,0,0.027,0.9865,0.1081,0.0811,0.2973,0.0
2026-08-04T00:08:51.501263,873,736.45,16118,54,105,764,0,24,25,0,105,2,0,48,0,0.0,1.0,0.019,0.0,0.4571,0.0
2026-08-04T00:08:53.645988,921,1060.64,26266,54,221,698,0,19,19,4,219,0,0,85,0,0.0181,0.991,0.0,0.0,0.3846,0.0
2026-08-04T00:08:55.778665,824,809.96,7135,54,226,593,0,25,24,9,223,9,5,93,0,0.0398,0.9867,0.0398,0.0221,0.4115,0.0
2026-08-04T00:08:57.828924,38,708.97,16460,54,32,4,0,11,11,1,32,0,0,11,0,0.0312,1.0,0.0,0.0,0.3438,0.0
2026-08-04T00:08:59.875157,52,224.44,2272,42,25,24,0,13,13,0,25,0,0,6,0,0.0,1.0,0.0,0.0,0.24,0.0
2026-08-04T00:09:01.971979,22,76.91,178,55,12,4,0,9,9,0,12,0,0,0,0,0.0,1.0,0.0,0.0,0.0,0.0
2026-08-04T00:09:03.994401,193,384.48,5262,42,90,61,0,26,33,1,89,2,0,41,0,0.0111,0.9889,0.0222,0.0,0.4556,0.0
2026-08-04T00:09:06.030721,139,657.06,1296,42,23,106,0,13,12,0,23,0,0,9,0,0.0,1.0,0.0,0.0,0.3913,0.0
2026-08-04T00:09:08.069604,30,82.7,457,42,18,4,0,7,6,0,18,5,1,5,0,0.0,1.0,0.2778,0.0556,0.2778,0.0
2026-08-04T00:09:10.124688,286,971.13,1292,56,0,278,0,4,4,0,0,0,0,0,0,0,0,0,0,0,0
2026-08-04T00:09:12.165751,68,374.5,1296,56,0,62,0,7,7,0,0,0,0,0,0,0,0,0,0,0,0
2026-08-04T00:09:14.231208,295,962.72,1292,54,15,278,0,7,7,0,15,3,0,5,0,0.0,1.0,0.2,0.0,0.3333,0.0
2026-08-04T00:09:16.272117,25,70.68,123,54,17,4,0,7,6,0,17,5,0,5,0,0.0,1.0,0.2941,0.0,0.2941,0.0
2026-08-04T00:09:18.340012,32,292.19,2898,54,24,4,0,6,5,1,24,0,0,13,0,0.0417,1.0,0.0,0.0,0.5417,0.0
2026-08-04T00:09:20.358229,26,107.73,656,54,14,11,0,8,8,0,14,4,1,5,0,0.0,1.0,0.2857,0.0714,0.3571,0.0
2026-08-04T00:09:22.405723,191,433.41,9994,54,166,23,0,24,24,4,164,5,2,78,0,0.0241,0.988,0.0301,0.012,0.4699,0.0
2026-08-04T00:09:24.464005,52,489.23,8487,54,36,13,0,10,10,0,36,2,0,15,0,0.0,1.0,0.0556,0.0,0.4167,0.0
2026-08-04T00:09:26.476589,13,61.0,70,55,10,0,0,6,6,0,10,0,0,0,0,0.0,1.0,0.0,0.0,0.0,0.0
2026-08-04T00:09:28.544640,516,1075.49,30718,54,420,93,0,14,14,7,417,2,0,142,0,0.0167,0.9929,0.0048,0.0,0.3381,0.0
2026-08-04T00:09:30.621007,15,137.07,432,55,6,6,0,6,7,0,6,0,0,0,0,0.0,1.0,0.0,0.0,0.0,0.0
2026-08-04T00:09:32.635535,55,628.76,5898,54,38,13,0,9,7,2,37,0,0,21,0,0.0526,0.9737,0.0,0.0,0.5526,0.0
2026-08-04T00:09:34.657423,14,112.57,251,55,4,7,0,7,6,0,4,0,0,0,0,0.0,1.0,0.0,0.0,0.0,0.0
2026-08-04T00:09:36.691711,32,81.81,457,54,23,3,0,10,11,0,23,0,0,1,0,0.0,1.0,0.0,0.0,0.0435,0.0
2026-08-04T00:09:38.761405,252,370.56,2104,54,81,167,1,18,18,2,80,8,3,35,0,0.0247,0.9877,0.0988,0.037,0.4321,0.0
2026-08-04T00:09:40.857982,1157,1302.32,11350,54,1007,147,0,18,17,9,1007,3,1,244,0,0.0089,1.0,0.003,0.001,0.2423,0.0
2026-08-04T00:09:42.888751,21,152.0,1292,55,10,8,0,8,5,3,10,0,0,0,0,0.3,1.0,0.0,0.0,0.0,0.0
2026-08-04T00:09:44.934321,56,308.89,1296,55,14,37,0,11,11,0,14,0,0,0,0,0.0,1.0,0.0,0.0,0.0,0.0
2026-08-04T00:09:46.973319,296,399.61,2802,42,64,229,0,17,16,2,63,0,0,32,0,0.0312,0.9844,0.0,0.0,0.5,0.0
2026-08-04T00:09:49.028154,40,119.72,914,55,36,0,0,16,16,0,36,0,0,6,0,0.0,1.0,0.0,0.0,0.1667,0.0
2026-08-04T00:09:51.043245,17,146.35,508,55,4,9,0,6,6,0,4,0,0,0,0,0.0,1.0,0.0,0.0,0.0,0.0
2026-08-04T00:09:53.064385,7,106.86,171,56,0,4,0,2,1,0,0,0,0,0,0,0,0,0,0,0,0
2026-08-04T00:09:55.073530,20,132.3,513,54,7,4,0,4,4,0,7,2,0,3,0,0.0,1.0,0.2857,0.0,0.4286,0.0
2026-08-04T00:09:57.124499,647,713.83,2346,54,64,579,0,15,13,8,60,8,3,24,0,0.125,0.9375,0.125,0.0469,0.375,0.0
2026-08-04T00:09:59.168560,71,223.1,1846,54,26,43,0,7,7,2,25,0,0,15,0,0.0769,0.9615,0.0,0.0,0.5769,0.0
2026-08-04T00:10:01.211848,430,831.55,8814,54,377,49,0,14,14,4,375,2,0,64,0,0.0106,0.9947,0.0053,0.0,0.1698,0.0
2026-08-04T00:10:03.261887,95,57.15,132,54,7,0,0,4,4,0,7,1,0,2,0,0.0,1.0,0.1429,0.0,0.2857,0.0
2026-08-04T00:10:05.278993,95,354.59,1296,42,2,79,0,11,10,0,2,0,0,1,0,0.0,1.0,0.0,0.0,0.5,0.0
2026-08-04T00:10:07.327594,459,780.94,1296,42,21,428,0,16,15,0,21,0,0,0,0,0.0,1.0,0.0,0.0,0.0,0.0
2026-08-04T00:10:09.403909,873,944.55,12766,54,656,212,0,17,20,8,651,14,8,177,0,0.0122,0.9924,0.0213,0.0122,0.2698,0.0
2026-08-04T00:10:11.452167,377,1530.65,27722,54,339,29,0,13,14,1,339,0,0,64,0,0.0029,1.0,0.0,0.0,0.1888,0.0
2026-08-04T00:10:13.472952,115,781.5,2974,54,30,83,0,8,9,2,29,0,0,17,0,0.0667,0.9667,0.0,0.0,0.5667,0.0
2026-08-04T00:10:15.589082,1187,1246.97,7338,54,1181,2,0,8,7,0,1181,1,1,406,0,0.0,1.0,0.0008,0.0008,0.3438,0.0
2026-08-04T00:10:17.706691,1151,1280.0,7338,54,1146,0,0,4,4,0,1146,0,0,402,0,0.0,1.0,0.0,0.0,0.3508,0.0
2026-08-04T00:10:19.904819,922,1314.77,15707,54,912,7,0,8,8,0,912,0,0,302,0,0.0,1.0,0.0,0.0,0.3311,0.0
2026-08-04T00:10:22.123114,977,1372.1,11706,54,969,5,0,8,9,0,969,0,0,356,0,0.0,1.0,0.0,0.0,0.3674,0.0
2026-08-04T00:10:24.243563,1188,1241.04,10250,54,1170,16,0,13,14,0,1170,1,0,414,0,0.0,1.0,0.0009,0.0,0.3538,0.0
2026-08-04T00:10:26.362758,1187,1267.43,11706,54,1182,2,0,11,11,0,1182,0,0,369,0,0.0,1.0,0.0,0.0,0.3122,0.0
2026-08-04T00:10:28.465606,1042,1280.01,14618,54,1031,9,0,10,11,0,1031,0,0,334,0,0.0,1.0,0.0,0.0,0.324,0.0
2026-08-04T00:10:30.871785,1267,1156.06,10250,54,1246,18,0,16,15,0,1246,2,0,420,0,0.0,1.0,0.0016,0.0,0.3371,0.0
2026-08-04T00:10:33.083654,935,1027.47,5882,42,932,1,0,18,19,9,928,2,0,321,0,0.0097,0.9957,0.0021,0.0,0.3444,0.0
2026-08-04T00:10:35.197113,1093,1343.37,13162,54,1085,5,0,13,12,1,1084,3,3,384,0,0.0009,0.9991,0.0028,0.0028,0.3539,0.0
2026-08-04T00:10:37.370477,1493,763.16,5898,54,1018,473,0,17,17,32,1001,7,3,325,0,0.0314,0.9833,0.0069,0.0029,0.3193,0.0
2026-08-04T00:10:39.581636,1259,661.95,5898,42,426,830,0,35,40,21,414,0,0,117,0,0.0493,0.9718,0.0,0.0,0.2746,0.0
2026-08-04T00:10:41.783416,753,816.48,7338,54,589,162,0,31,29,33,567,15,0,205,0,0.056,0.9626,0.0255,0.0,0.348,0.0
2026-08-04T00:10:43.994157,974,764.68,5882,54,752,221,0,20,24,45,711,3,1,187,0,0.0598,0.9455,0.004,0.0013,0.2487,0.0
2026-08-04T00:10:46.137570,737,1137.09,13162,54,598,137,0,23,24,45,557,0,0,172,0,0.0753,0.9314,0.0,0.0,0.2876,0.0
2026-08-04T00:10:48.379222,851,1116.84,8794,54,837,13,0,8,11,40,797,0,0,258,0,0.0478,0.9522,0.0,0.0,0.3082,0.0
2026-08-04T00:10:50.551100,833,1349.87,10250,54,784,48,0,13,14,91,694,0,0,271,0,0.1161,0.8852,0.0,0.0,0.3457,0.0
2026-08-04T00:10:52.745687,820,1349.82,16467,54,774,44,0,20,22,75,702,9,2,284,0,0.0969,0.907,0.0116,0.0026,0.3669,0.0
2026-08-04T00:10:54.991271,311,1096.66,13018,54,257,51,0,21,21,2,257,1,0,113,0,0.0078,1.0,0.0039,0.0,0.4397,0.0
2026-08-04T00:10:57.213034,873,1197.79,11706,54,819,49,0,11,11,0,819,5,1,299,0,0.0,1.0,0.0061,0.0012,0.3651,0.0
2026-08-04T00:10:59.321618,1031,1474.89,20442,54,1026,4,0,11,10,0,1026,4,1,313,0,0.0,1.0,0.0039,0.001,0.3051,0.0
2026-08-04T00:11:01.435484,1014,1120.72,11706,54,957,53,0,10,10,12,951,3,0,339,0,0.0125,0.9937,0.0031,0.0,0.3542,0.0
2026-08-04T00:11:03.543201,1179,1259.8,17530,42,1089,2,0,9,8,0,1089,4,0,380,0,0.0,1.0,0.0037,0.0,0.3489,0.0
2026-08-04T00:11:05.646459,1074,1378.0,8794,54,1057,4,0,14,14,0,1057,4,1,354,0,0.0,1.0,0.0038,0.0009,0.3349,0.0
2026-08-04T00:11:07.805880,1120,1326.91,8794,42,1084,25,0,7,7,0,1084,0,0,414,0,0.0,1.0,0.0,0.0,0.3819,0.0
2026-08-04T00:11:09.945598,1396,1070.71,8794,54,1349,38,0,18,18,0,1349,0,0,393,0,0.0,1.0,0.0,0.0,0.2913,0.0
2026-08-04T00:11:12.061530,1158,1249.25,13162,54,1119,33,0,16,16,4,1117,6,0,375,0,0.0036,0.9982,0.0054,0.0,0.3351,0.0
2026-08-04T00:11:14.175443,1158,1274.9,11706,54,1120,36,0,13,13,1,1119,3,0,379,0,0.0009,0.9991,0.0027,0.0,0.3384,0.0
2026-08-04T00:11:16.288004,1083,1315.66,8794,54,1069,9,0,8,7,0,1069,0,0,384,0,0.0,1.0,0.0,0.0,0.3592,0.0
2026-08-04T00:11:18.411914,1244,1177.75,11706,54,1135,103,0,13,13,0,1135,0,0,369,0,0.0,1.0,0.0,0.0,0.3251,0.0
2026-08-04T00:11:20.534190,1519,952.29,4426,54,453,1064,0,11,12,0,453,4,0,99,0,0.0,1.0,0.0088,0.0,0.2185,0.0
2026-08-04T00:11:22.659934,1247,1044.55,21958,54,1221,23,0,21,22,6,1218,2,0,316,0,0.0049,0.9975,0.0016,0.0,0.2588,0.0
2026-08-04T00:11:24.830131,1409,964.44,10138,54,1307,102,0,28,28,18,1302,9,1,378,0,0.0138,0.9962,0.0069,0.0008,0.2892,0.0
2026-08-04T00:11:26.932035,1119,1181.66,14618,54,1115,3,0,16,14,3,1115,2,0,329,0,0.0027,1.0,0.0018,0.0,0.2951,0.0
2026-08-04T00:11:29.012658,762,1372.38,18986,54,748,12,0,18,18,1,747,4,1,276,0,0.0013,0.9987,0.0053,0.0013,0.369,0.0
2026-08-04T00:11:31.105794,860,1793.81,26266,54,795,64,0,13,13,0,795,4,0,255,0,0.0,1.0,0.005,0.0,0.3208,0.0
2026-08-04T00:11:33.219998,1024,1104.92,8794,54,1020,4,0,15,15,0,1020,9,1,314,0,0.0,1.0,0.0088,0.001,0.3078,0.0
2026-08-04T00:11:35.362170,1376,1099.35,8794,54,1319,56,0,13,14,6,1315,2,0,386,0,0.0045,0.997,0.0015,0.0,0.2926,0.0
2026-08-04T00:11:37.491485,1357,1109.98,9962,54,1351,3,0,14,14,0,1351,0,1,389,0,0.0,1.0,0.0,0.0007,0.2879,0.0
2026-08-04T00:11:39.622025,1358,1097.28,10250,54,1338,17,0,18,19,1,1338,0,0,414,0,0.0007,1.0,0.0,0.0,0.3094,0.0
2026-08-04T00:11:41.758039,1241,1170.52,7338,54,1227,12,0,13,13,2,1226,2,0,433,0,0.0016,0.9992,0.0016,0.0,0.3529,0.0
2026-08-04T00:11:43.902477,1399,1064.53,10250,54,1302,93,0,17,20,4,1300,10,1,390,0,0.0031,0.9985,0.0077,0.0008,0.2995,0.0
2026-08-04T00:11:46.021363,1153,1280.07,8794,54,1146,4,0,6,6,0,1146,3,1,414,0,0.0,1.0,0.0026,0.0009,0.3613,0.0
2026-08-04T00:11:48.126333,1533,855.75,2978,42,289,1239,0,14,13,10,285,2,1,76,0,0.0346,0.9862,0.0069,0.0035,0.263,0.0
2026-08-04T00:11:50.229967,1016,1175.64,8794,54,1013,0,0,8,7,3,1013,0,0,321,0,0.003,1.0,0.0,0.0,0.3169,0.0
2026-08-04T00:11:52.371014,1264,1234.06,24810,54,1257,3,0,11,11,0,1257,6,1,392,0,0.0,1.0,0.0048,0.0008,0.3119,0.0
2026-08-04T00:11:54.553601,1137,975.31,7338,54,996,134,0,26,27,4,994,11,5,318,0,0.004,0.998,0.011,0.005,0.3193,0.0
2026-08-04T00:11:56.722385,758,1238.49,19826,54,716,36,0,23,16,8,713,1,0,242,0,0.0112,0.9958,0.0014,0.0,0.338,0.0
2026-08-04T00:11:58.870181,790,837.76,5882,54,331,456,0,11,10,0,329,0,2,99,0,0.0,0.994,0.0,0.006,0.2991,0.0
2026-08-04T00:12:01.062001,840,759.06,7358,54,586,251,0,27,30,12,580,0,0,198,0,0.0205,0.9898,0.0,0.0,0.3379,0.0
2026-08-04T00:12:03.511433,883,1121.75,14618,54,675,178,0,20,20,5,674,0,0,233,0,0.0074,0.9985,0.0,0.0,0.3452,0.0
2026-08-04T00:12:05.535984,142,401.31,14174,54,91,38,0,18,16,4,89,4,0,36,0,0.044,0.978,0.044,0.0,0.3956,0.0
2026-08-04T00:12:07.602201,115,534.75,16460,42,61,42,0,20,17,2,60,0,0,20,0,0.0328,0.9836,0.0,0.0,0.3279,0.0
2026-08-04T00:12:09.623735,47,70.6,213,54,36,4,0,16,16,0,36,5,0,6,0,0.0,1.0,0.1389,0.0,0.1667,0.0
2026-08-04T00:12:11.635398,43,212.72,1292,55,20,14,0,15,14,0,20,0,0,0,0,0.0,1.0,0.0,0.0,0.0,0.0
2026-08-04T00:12:13.729322,27,67.7,217,54,21,1,0,11,11,0,21,2,0,2,0,0.0,1.0,0.0952,0.0,0.0952,0.0
2026-08-04T00:12:15.777852,19,73.26,150,55,8,4,0,6,6,0,8,0,0,0,0,0.0,1.0,0.0,0.0,0.0,0.0
2026-08-04T00:12:17.816706,34,63.35,97,54,27,2,0,9,9,0,27,9,0,4,0,0.0,1.0,0.3333,0.0,0.1481,0.0
2026-08-04T00:12:19.869853,14,75.0,212,54,10,1,0,6,6,0,10,1,0,3,0,0.0,1.0,0.1,0.0,0.3,0.0
2026-08-04T00:12:21.909457,23,124.74,487,54,12,8,0,10,8,0,12,1,0,4,0,0.0,1.0,0.0833,0.0,0.3333,0.0
2026-08-04T00:12:23.925719,25,74.04,214,55,13,6,0,8,7,0,13,0,0,0,0,0.0,1.0,0.0,0.0,0.0,0.0
2026-08-04T00:12:25.949204,44,106.66,1222,54,38,2,0,16,16,0,38,10,2,3,0,0.0,1.0,0.2632,0.0526,0.0789,0.0
2026-08-04T00:12:27.963246,11,80.55,212,56,0,3,0,2,2,0,0,0,0,0,0,0,0,0,0,0,0
2026-08-04T00:12:29.984563,15,71.4,212,55,11,1,0,8,7,0,11,0,0,0,0,0.0,1.0,0.0,0.0,0.0,0.0
2026-08-04T00:12:32.005669,20,72.05,178,42,14,2,0,8,8,0,14,0,0,0,0,0.0,1.0,0.0,0.0,0.0,0.0
2026-08-04T00:12:34.066423,18,60.44,72,42,11,2,0,4,5,0,11,1,0,0,0,0.0,1.0,0.0909,0.0,0.0,0.0
2026-08-04T00:12:36.155887,44,135.18,1222,54,30,6,0,12,11,0,30,11,4,6,0,0.0,1.0,0.3667,0.1333,0.2,0.0
2026-08-04T00:12:38.168201,17,64.29,131,54,15,0,0,5,4,0,15,6,0,3,0,0.0,1.0,0.4,0.0,0.2,0.0
2026-08-04T00:12:40.267731,35,168.94,1292,54,19,14,0,13,11,0,19,2,0,1,0,0.0,1.0,0.1053,0.0,0.0526,0.0
2026-08-04T00:12:42.311433,511,745.39,1296,54,19,490,0,18,16,0,19,2,0,2,0,0.0,1.0,0.1053,0.0,0.1053,0.0
2026-08-04T00:12:44.323372,17,86.12,219,54,10,3,0,6,6,0,10,2,0,2,0,0.0,1.0,0.2,0.0,0.2,0.0
2026-08-04T00:12:46.345312,125,282.42,1296,42,48,74,0,20,21,0,48,12,5,5,0,0.0,1.0,0.25,0.1042,0.1042,0.0
2026-08-04T00:12:48.360747,124,962.19,1292,54,8,110,0,5,6,0,8,2,0,1,0,0.0,1.0,0.25,0.0,0.125,0.0
2026-08-04T00:12:50.375729,16,65.62,178,42,11,1,0,7,8,0,11,0,0,0,0,0.0,1.0,0.0,0.0,0.0,0.0
2026-08-04T00:12:52.418501,17,74.12,178,42,12,2,0,8,8,0,12,0,0,0,0,0.0,1.0,0.0,0.0,0.0,0.0
2026-08-04T00:12:54.495147,119,403.77,2974,54,104,8,0,17,16,4,104,8,0,42,0,0.0385,1.0,0.0769,0.0,0.4038,0.0
2026-08-04T00:12:56.553460,98,241.68,1296,54,41,53,0,22,22,0,41,7,2,3,0,0.0,1.0,0.1707,0.0488,0.0732,0.0
2026-08-04T00:12:58.569552,19,733.26,11092,42,15,0,0,7,8,0,15,0,0,3,0,0.0,1.0,0.0,0.0,0.2,0.0
2026-08-04T00:13:00.591809,13,96.77,254,54,6,3,0,4,5,0,6,2,0,1,0,0.0,1.0,0.3333,0.0,0.1667,0.0
2026-08-04T00:13:02.665619,20,119.75,487,54,8,7,0,7,7,0,8,2,0,1,0,0.0,1.0,0.25,0.0,0.125,0.0
2026-08-04T00:13:04.711584,24,61.62,167,42,8,1,0,6,6,0,8,0,0,0,0,0.0,1.0,0.0,0.0,0.0,0.0
2026-08-04T00:13:06.755709,159,903.68,1292,42,15,132,0,8,8,0,15,3,1,3,0,0.0,1.0,0.2,0.0667,0.2,0.0
2026-08-04T00:13:08.783345,79,881.1,1292,55,5,64,0,4,5,0,5,0,0,0,0,0.0,1.0,0.0,0.0,0.0,0.0
2026-08-04T00:13:10.859525,56,288.8,1296,55,16,34,0,12,12,0,16,0,0,0,0,0.0,1.0,0.0,0.0,0.0,0.0
2026-08-04T00:13:12.907851,56,412.79,1296,56,0,53,0,4,4,0,0,0,0,0,0,0,0,0,0,0,0
2026-08-04T00:13:14.952479,8,64.5,93,54,7,0,0,3,3,0,7,2,0,2,0,0.0,1.0,0.2857,0.0,0.2857,0.0
2026-08-04T00:13:17.027245,585,888.85,1292,55,8,572,0,9,9,0,8,0,0,0,0,0.0,1.0,0.0,0.0,0.0,0.0
2026-08-04T00:13:19.041577,58,772.16,1292,54,12,43,0,4,4,0,12,2,0,1,0,0.0,1.0,0.1667,0.0,0.0833,0.0
2026-08-04T00:13:21.060743,9,105.67,270,55,5,3,0,4,4,0,5,0,0,2,0,0.0,1.0,0.0,0.0,0.4,0.0
2026-08-04T00:13:23.070216,12,100.33,487,54,8,2,0,4,4,0,8,3,0,2,0,0.0,1.0,0.375,0.0,0.25,0.0
2026-08-04T00:13:25.149818,64,212.95,2898,54,50,13,0,14,15,0,50,5,2,17,0,0.0,1.0,0.1,0.04,0.34,0.0
2026-08-04T00:13:27.160893,13,62.0,70,55,12,0,0,7,7,0,12,0,0,0,0,0.0,1.0,0.0,0.0,0.0,0.0
2026-08-04T00:13:29.173706,12,106.58,322,55,9,2,0,6,6,0,9,0,0,2,0,0.0,1.0,0.0,0.0,0.2222,0.0
2026-08-04T00:13:31.192316,18,61.78,70,55,16,0,0,9,9,0,16,0,0,0,0,0.0,1.0,0.0,0.0,0.0,0.0
2026-08-04T00:13:33.209036,20,61.85,82,54,18,0,0,7,6,0,18,5,0,2,0,0.0,1.0,0.2778,0.0,0.1111,0.0
2026-08-04T00:13:35.302515,15,63.53,86,54,12,1,0,7,6,0,12,2,0,1,0,0.0,1.0,0.1667,0.0,0.0833,0.0
2026-08-04T00:13:37.314952,12,74.83,212,55,6,3,0,6,6,0,6,0,0,0,0,0.0,1.0,0.0,0.0,0.0,0.0
2026-08-04T00:13:39.366242,37,94.16,508,54,32,3,0,12,13,0,32,6,0,5,0,0.0,1.0,0.1875,0.0,0.1562,0.0
2026-08-04T00:13:41.402602,278,1002.67,1292,55,23,253,0,16,14,0,23,0,0,2,0,0.0,1.0,0.0,0.0,0.087,0.0
2026-08-04T00:13:43.417397,14,91.86,487,55,8,2,0,6,6,0,8,0,0,0,0,0.0,1.0,0.0,0.0,0.0,0.0
2026-08-04T00:13:45.433921,6,58.17,70,55,2,0,0,2,2,0,2,0,0,0,0,0.0,1.0,0.0,0.0,0.0,0.0
2026-08-04T00:13:47.532815,310,915.22,1292,54,13,294,0,10,9,0,13,4,0,2,0,0.0,1.0,0.3077,0.0,0.1538,0.0
2026-08-04T00:13:49.549630,10,101.5,471,42,5,0,0,3,3,0,5,0,0,3,0,0.0,1.0,0.0,0.0,0.6,0.0
2026-08-04T00:13:51.560005,8,59.25,70,55,4,0,0,3,3,0,4,0,0,0,0,0.0,1.0,0.0,0.0,0.0,0.0
2026-08-04T00:13:53.576852,53,370.89,1377,54,28,24,0,9,10,0,28,4,1,9,0,0.0,1.0,0.1429,0.0357,0.3214,0.0
2026-08-04T00:13:55.617468,21,63.0,123,55,18,0,0,10,10,0,18,0,0,1,0,0.0,1.0,0.0,0.0,0.0556,0.0
2026-08-04T00:13:57.659256,7,117.43,340,56,1,3,0,3,3,0,1,0,0,0,0,0.0,1.0,0.0,0.0,0.0,0.0
2026-08-04T00:13:59.715503,13,97.31,471,55,9,1,0,5,5,0,9,0,0,3,0,0.0,1.0,0.0,0.0,0.3333,0.0
2026-08-04T00:14:01.728207,29,123.79,1285,55,9,13,0,9,8,0,9,0,0,2,0,0.0,1.0,0.0,0.0,0.2222,0.0
2026-08-04T00:14:03.769108,346,797.86,1292,42,8,249,0,4,5,0,8,0,0,0,0,0.0,1.0,0.0,0.0,0.0,0.0
2026-08-04T00:14:05.848213,28,90.71,350,42,2,6,0,6,5,0,2,0,0,0,0,0.0,1.0,0.0,0.0,0.0,0.0
2026-08-04T00:14:07.868020,128,466.62,2181,42,23,94,0,13,11,4,21,2,0,7,0,0.1739,0.913,0.087,0.0,0.3043,0.0
2026-08-04T00:14:09.885154,38,121.21,1222,42,24,2,0,10,9,0,24,5,0,5,0,0.0,1.0,0.2083,0.0,0.2083,0.0
2026-08-04T00:14:11.920933,356,1263.62,15590,42,144,204,0,20,18,0,144,0,0,71,0,0.0,1.0,0.0,0.0,0.4931,0.0
2026-08-04T00:14:13.969551,287,2108.4,64298,54,279,3,0,9,9,0,279,2,0,108,0,0.0,1.0,0.0072,0.0,0.3871,0.0
2026-08-04T00:14:15.999123,228,3003.18,64298,54,161,62,0,15,15,4,159,2,1,56,0,0.0248,0.9876,0.0124,0.0062,0.3478,0.0
2026-08-04T00:14:18.037045,557,1581.41,64298,42,69,482,0,12,12,0,69,2,1,26,0,0.0,1.0,0.029,0.0145,0.3768,0.0
2026-08-04T00:14:20.085858,73,1964.75,29258,42,64,5,0,8,7,0,64,0,0,20,0,0.0,1.0,0.0,0.0,0.3125,0.0
2026-08-04T00:14:22.109221,166,3517.36,64298,54,38,124,0,9,8,0,38,0,0,18,0,0.0,1.0,0.0,0.0,0.4737,0.0
2026-08-04T00:14:24.238098,1342,998.77,39478,54,1208,129,0,18,18,15,1200,0,0,409,0,0.0124,0.9934,0.0,0.0,0.3386,0.0
2026-08-04T00:14:26.309901,321,1140.47,29258,54,219,99,0,27,28,14,212,6,2,82,0,0.0639,0.968,0.0274,0.0091,0.3744,0.0
2026-08-04T00:14:28.461693,1324,957.88,45314,54,857,459,0,34,36,40,833,0,0,302,0,0.0467,0.972,0.0,0.0,0.3524,0.0
2026-08-04T00:14:30.529792,533,1057.89,14654,54,507,22,0,16,16,2,506,2,0,139,0,0.0039,0.998,0.0039,0.0,0.2742,0.0
2026-08-04T00:14:32.695872,1533,982.26,13198,42,1498,32,0,14,15,8,1494,0,0,315,0,0.0053,0.9973,0.0,0.0,0.2103,0.0
2026-08-04T00:14:34.793496,575,1415.24,29254,42,454,117,0,19,19,16,444,3,1,194,0,0.0352,0.978,0.0066,0.0022,0.4273,0.0
2026-08-04T00:14:36.848772,148,1306.7,32178,54,117,25,0,14,14,2,116,4,0,54,0,0.0171,0.9915,0.0342,0.0,0.4615,0.0
2026-08-04T00:14:38.907146,771,724.2,7358,54,281,487,0,27,24,9,277,4,0,140,0,0.032,0.9858,0.0142,0.0,0.4982,0.0
2026-08-04T00:14:41.071792,890,838.66,5894,54,483,404,0,13,12,2,482,6,0,103,0,0.0041,0.9979,0.0124,0.0,0.2133,0.0
2026-08-04T00:14:43.442374,1607,940.3,5894,42,1477,126,0,13,14,0,1476,5,1,349,0,0.0,0.9993,0.0034,0.0007,0.2363,0.0
2026-08-04T00:14:45.570048,1654,843.06,5894,54,952,699,0,10,10,0,952,0,0,190,0,0.0,1.0,0.0,0.0,0.1996,0.0
2026-08-04T00:14:47.786438,1000,921.05,5894,54,895,105,0,12,12,2,894,4,0,256,0,0.0022,0.9989,0.0045,0.0,0.286,0.0
2026-08-04T00:14:49.994669,1170,1123.37,10274,54,1109,56,0,9,9,0,1109,2,0,363,0,0.0,1.0,0.0018,0.0,0.3273,0.0
2026-08-04T00:14:52.180609,1440,985.56,7354,42,1425,11,0,8,8,0,1425,2,0,365,0,0.0,1.0,0.0014,0.0,0.2561,0.0
2026-08-04T00:14:54.305652,1307,1131.69,7354,54,1298,2,0,13,14,0,1298,9,2,451,0,0.0,1.0,0.0069,0.0015,0.3475,0.0
2026-08-04T00:14:56.520276,913,953.14,8814,54,608,302,0,12,14,9,605,0,0,147,0,0.0148,0.9951,0.0,0.0,0.2418,0.0
2026-08-04T00:14:58.657560,1499,833.17,18724,42,1055,438,0,24,24,9,1048,3,1,260,0,0.0085,0.9934,0.0028,0.0009,0.2464,0.0
2026-08-04T00:15:00.819191,803,983.46,5894,54,780,20,0,15,13,1,780,0,0,169,0,0.0013,1.0,0.0,0.0,0.2167,0.0
2026-08-04T00:15:03.006524,898,1136.63,5894,54,869,24,0,14,12,1,869,0,0,282,0,0.0012,1.0,0.0,0.0,0.3245,0.0
2026-08-04T00:15:05.109688,1137,1361.49,8814,42,1103,19,0,11,11,3,1102,0,0,402,0,0.0027,0.9991,0.0,0.0,0.3645,0.0
2026-08-04T00:15:07.303968,943,1103.99,7354,54,887,46,0,11,11,6,882,0,0,275,0,0.0068,0.9944,0.0,0.0,0.31,0.0
2026-08-04T00:15:09.453847,1586,959.97,5894,54,1573,3,0,11,12,1,1573,1,0,381,0,0.0006,1.0,0.0006,0.0,0.2422,0.0
2026-08-04T00:15:11.542941,890,1279.56,9424,54,852,30,0,22,22,9,848,1,1,401,0,0.0106,0.9953,0.0012,0.0012,0.4707,0.0
2026-08-04T00:15:13.653784,1298,1150.91,8814,54,1131,164,0,13,17,0,1131,0,0,324,0,0.0,1.0,0.0,0.0,0.2865,0.0
2026-08-04T00:15:15.731281,799,1896.04,16460,54,763,29,0,15,15,1,762,0,0,366,0,0.0013,0.9987,0.0,0.0,0.4797,0.0
2026-08-04T00:15:17.809475,645,1267.46,10278,54,514,127,0,11,12,0,514,0,0,242,0,0.0,1.0,0.0,0.0,0.4708,0.0
2026-08-04T00:15:19.985688,859,1077.71,15898,54,826,32,0,17,18,2,825,1,0,215,0,0.0024,0.9988,0.0012,0.0,0.2603,0.0
2026-08-04T00:15:22.090479,1065,1384.95,7258,54,1040,22,0,13,12,0,1040,4,0,306,0,0.0,1.0,0.0038,0.0,0.2942,0.0
2026-08-04T00:15:24.411251,1359,1003.48,17338,54,1328,29,0,13,14,2,1327,5,0,313,0,0.0015,0.9992,0.0038,0.0,0.2357,0.0
2026-08-04T00:15:26.553422,819,779.58,5818,54,306,513,0,12,12,0,306,0,0,67,0,0.0,1.0,0.0,0.0,0.219,0.0
2026-08-04T00:15:28.690513,593,1436.98,14458,54,526,65,0,9,9,2,524,1,1,248,0,0.0038,0.9962,0.0019,0.0019,0.4715,0.0
2026-08-04T00:15:30.817294,677,862.99,7358,54,70,604,0,12,13,2,69,7,1,31,0,0.0286,0.9857,0.1,0.0143,0.4429,0.0
2026-08-04T00:15:32.998713,673,1493.33,14458,54,661,8,0,6,7,0,661,0,0,280,0,0.0,1.0,0.0,0.0,0.4236,0.0
2026-08-04T00:15:35.117594,104,1269.91,16460,54,90,10,0,11,11,0,90,2,0,33,0,0.0,1.0,0.0222,0.0,0.3667,0.0
2026-08-04T00:15:37.140656,27,1799.74,14658,54,19,3,0,7,7,0,19,2,0,7,0,0.0,1.0,0.1053,0.0,0.3684,0.0
2026-08-04T00:15:39.168552,26,2537.19,23418,54,18,3,0,8,8,0,17,0,1,6,0,0.0,0.9444,0.0,0.0556,0.3333,0.0
2026-08-04T00:15:41.205944,39,2766.59,26338,54,28,4,0,10,10,0,28,0,0,8,0,0.0,1.0,0.0,0.0,0.2857,0.0
2026-08-04T00:15:43.309664,28,3992.39,32178,54,21,0,0,5,5,0,21,0,0,7,0,0.0,1.0,0.0,0.0,0.3333,0.0
2026-08-04T00:15:45.405946,58,2684.09,38018,54,45,3,0,13,13,0,45,0,0,13,0,0.0,1.0,0.0,0.0,0.2889,0.0
2026-08-04T00:15:47.438159,40,124.45,1292,54,20,15,0,11,11,0,20,4,0,2,0,0.0,1.0,0.2,0.0,0.1,0.0
2026-08-04T00:15:49.525675,387,567.97,2272,42,54,324,0,20,20,4,52,4,1,22,0,0.0741,0.963,0.0741,0.0185,0.4074,0.0
2026-08-04T00:15:51.570010,82,308.3,2088,42,24,51,0,10,11,1,24,1,0,11,0,0.0417,1.0,0.0417,0.0,0.4583,0.0
2026-08-04T00:15:53.617753,61,245.54,1296,54,26,31,0,11,12,0,26,1,0,8,0,0.0,1.0,0.0385,0.0,0.3077,0.0
2026-08-04T00:15:55.657709,56,86.07,1080,54,34,13,0,17,19,0,34,2,0,1,0,0.0,1.0,0.0588,0.0,0.0294,0.0
2026-08-04T00:15:57.746431,10,77.6,167,55,3,3,0,4,4,0,3,0,0,0,0,0.0,1.0,0.0,0.0,0.0,0.0
2026-08-04T00:15:59.777994,25,72.68,167,54,16,5,0,10,11,0,16,2,0,3,0,0.0,1.0,0.125,0.0,0.1875,0.0
2026-08-04T00:16:01.870393,28,79.46,178,54,14,6,0,10,10,0,14,0,0,2,0,0.0,1.0,0.0,0.0,0.1429,0.0
2026-08-04T00:16:03.891852,101,81.16,432,42,14,14,0,9,9,0,14,2,0,1,0,0.0,1.0,0.1429,0.0,0.0714,0.0
2026-08-04T00:16:05.968964,49,82.69,282,42,23,10,0,13,11,0,23,1,1,2,0,0.0,1.0,0.0435,0.0435,0.087,0.0
2026-08-04T00:16:08.035306,41,106.59,432,42,20,10,0,14,11,0,20,3,0,3,0,0.0,1.0,0.15,0.0,0.15,0.0
2026-08-04T00:16:10.058385,26,80.12,212,55,10,6,0,10,9,0,10,0,0,0,0,0.0,1.0,0.0,0.0,0.0,0.0
2026-08-04T00:16:12.125016,28,86.43,217,54,15,7,0,12,10,0,15,1,0,1,0,0.0,1.0,0.0667,0.0,0.0667,0.0
2026-08-04T00:16:14.177201,28,73.79,217,54,20,4,0,8,8,0,18,4,2,4,0,0.0,0.9,0.2,0.1,0.2,0.0
2026-08-04T00:16:16.211985,13,80.62,167,55,2,5,0,4,4,0,2,0,0,0,0,0.0,1.0,0.0,0.0,0.0,0.0
2026-08-04T00:16:18.268569,22,125.59,282,54,3,11,0,5,4,0,3,1,0,1,0,0.0,1.0,0.3333,0.0,0.3333,0.0
2026-08-04T00:16:20.315644,23,89.65,212,55,6,11,0,9,8,0,6,0,0,0,0,0.0,1.0,0.0,0.0,0.0,0.0
2026-08-04T00:16:22.381184,60,295.92,1296,54,12,45,0,11,9,0,12,3,0,1,0,0.0,1.0,0.25,0.0,0.0833,0.0
2026-08-04T00:16:24.392374,10,76.6,167,55,2,3,0,3,4,0,2,0,0,0,0,0.0,1.0,0.0,0.0,0.0,0.0
2026-08-04T00:16:26.414267,10,79.0,139,54,4,2,0,4,4,0,4,0,0,1,0,0.0,1.0,0.0,0.0,0.25,0.0
2026-08-04T00:16:28.517928,44,80.25,212,54,30,9,0,12,10,0,30,8,0,4,0,0.0,1.0,0.2667,0.0,0.1333,0.0
2026-08-04T00:16:30.566169,20,75.75,212,54,14,2,0,8,7,0,14,2,0,2,0,0.0,1.0,0.1429,0.0,0.1429,0.0
2026-08-04T00:16:32.604351,102,293.16,2978,42,58,39,0,11,11,5,56,4,0,19,0,0.0862,0.9655,0.069,0.0,0.3276,0.0
2026-08-04T00:16:34.635232,47,332.34,2506,42,36,9,0,8,7,2,35,2,1,14,0,0.0556,0.9722,0.0556,0.0278,0.3889,0.0
2026-08-04T00:16:36.667096,17,89.18,282,55,4,4,0,5,4,0,4,0,0,0,0,0.0,1.0,0.0,0.0,0.0,0.0
2026-08-04T00:16:38.705307,24,135.79,432,54,15,6,0,8,8,0,15,1,0,2,0,0.0,1.0,0.0667,0.0,0.1333,0.0
2026-08-04T00:16:40.789026,42,75.48,222,55,31,6,0,18,17,0,31,0,0,0,0,0.0,1.0,0.0,0.0,0.0,0.0
2026-08-04T00:16:42.837631,10,160.1,1035,55,2,4,0,3,3,0,2,0,0,0,0,0.0,1.0,0.0,0.0,0.0,0.0
2026-08-04T00:16:44.945123,13,60.0,70,55,8,0,0,5,5,0,8,0,0,0,0,0.0,1.0,0.0,0.0,0.0,0.0
2026-08-04T00:16:47.022942,12,59.17,70,55,7,0,0,4,5,0,7,0,0,0,0,0.0,1.0,0.0,0.0,0.0,0.0
2026-08-04T00:16:49.042042,16,61.94,82,55,9,0,0,5,5,0,9,0,0,2,0,0.0,1.0,0.0,0.0,0.2222,0.0
2026-08-04T00:16:51.093476,22,78.5,282,54,16,1,0,8,8,0,16,0,0,2,0,0.0,1.0,0.0,0.0,0.125,0.0
2026-08-04T00:16:53.107893,18,69.0,212,55,12,1,0,8,8,0,12,0,0,0,0,0.0,1.0,0.0,0.0,0.0,0.0
2026-08-04T00:16:55.122354,24,74.92,212,54,13,2,0,8,8,0,13,2,0,1,0,0.0,1.0,0.1538,0.0,0.0769,0.0
2026-08-04T00:16:57.139326,22,67.09,123,55,12,4,0,9,9,0,12,0,0,0,0,0.0,1.0,0.0,0.0,0.0,0.0
2026-08-04T00:16:59.178380,105,358.42,2974,54,60,41,0,12,12,3,59,0,0,30,0,0.05,0.9833,0.0,0.0,0.5,0.0
2026-08-04T00:17:01.204603,32,229.12,2898,54,18,4,0,7,7,0,18,0,0,7,0,0.0,1.0,0.0,0.0,0.3889,0.0
2026-08-04T00:17:03.308004,92,59.57,302,56,0,3,0,2,1,0,0,0,0,0,0,0,0,0,0,0,0
2026-08-04T00:17:05.343766,380,570.78,2150,42,23,344,0,13,14,0,23,0,0,12,0,0.0,1.0,0.0,0.0,0.5217,0.0
2026-08-04T00:17:07.385607,48,231.6,1292,42,8,29,0,7,8,0,8,0,0,1,0,0.0,1.0,0.0,0.0,0.125,0.0
2026-08-04T00:17:09.450713,29,67.14,123,54,15,2,0,6,6,0,15,3,0,6,0,0.0,1.0,0.2,0.0,0.4,0.0
2026-08-04T00:17:11.504914,14,63.93,103,54,4,2,0,4,4,0,4,0,0,1,0,0.0,1.0,0.0,0.0,0.25,0.0
2026-08-04T00:17:13.542218,18,76.44,285,54,14,0,0,5,5,0,14,0,0,2,0,0.0,1.0,0.0,0.0,0.1429,0.0
2026-08-04T00:17:15.592783,28,172.36,1292,55,6,17,0,7,7,0,6,0,0,0,0,0.0,1.0,0.0,0.0,0.0,0.0
2026-08-04T00:17:17.640261,17,72.18,167,55,8,4,0,7,8,0,8,0,0,0,0,0.0,1.0,0.0,0.0,0.0,0.0
2026-08-04T00:17:19.655724,60,266.32,1296,54,14,42,0,10,11,0,14,2,0,3,0,0.0,1.0,0.1429,0.0,0.2143,0.0
2026-08-04T00:17:21.681467,189,542.15,1296,54,17,167,0,12,12,0,17,5,0,4,0,0.0,1.0,0.2941,0.0,0.2353,0.0
2026-08-04T00:17:23.691941,22,62.45,97,54,18,0,0,6,6,0,18,4,0,2,0,0.0,1.0,0.2222,0.0,0.1111,0.0
2026-08-04T00:17:25.749762,57,134.14,1292,54,26,27,0,18,17,0,26,2,0,1,0,0.0,1.0,0.0769,0.0,0.0385,0.0
2026-08-04T00:17:27.781112,33,608.0,1292,55,2,27,0,5,5,0,2,0,0,0,0,0.0,1.0,0.0,0.0,0.0,0.0
2026-08-04T00:17:29.834820,26,77.73,154,54,22,0,0,7,8,0,22,0,0,7,0,0.0,1.0,0.0,0.0,0.3182,0.0
2026-08-04T00:17:31.877668,51,296.35,1296,55,6,40,0,9,9,0,6,0,0,0,0,0.0,1.0,0.0,0.0,0.0,0.0
2026-08-04T00:17:33.905712,286,1033.61,1292,55,5,274,0,5,6,0,5,0,0,0,0,0.0,1.0,0.0,0.0,0.0,0.0
2026-08-04T00:17:35.934904,26,138.0,432,55,11,10,0,7,8,0,11,0,0,0,0,0.0,1.0,0.0,0.0,0.0,0.0
2026-08-04T00:17:38.019530,23,68.87,212,54,14,1,0,8,8,0,14,2,0,1,0,0.0,1.0,0.1429,0.0,0.0714,0.0
2026-08-04T00:17:40.082262,322,919.01,1292,54,22,295,0,13,13,0,22,2,0,6,0,0.0,1.0,0.0909,0.0,0.2727,0.0
2026-08-04T00:17:42.116608,25,90.64,270,54,12,7,0,9,9,0,12,0,0,0,0,0.0,1.0,0.0,0.0,0.0,0.0
2026-08-04T00:17:44.176316,305,908.1,1292,54,15,278,0,10,10,0,15,2,0,2,0,0.0,1.0,0.1333,0.0,0.1333,0.0
2026-08-04T00:17:46.233000,23,175.26,487,54,8,11,0,6,5,0,8,2,0,2,0,0.0,1.0,0.25,0.0,0.25,0.0
2026-08-04T00:17:48.258540,16,84.62,208,56,0,6,0,2,1,0,0,0,0,0,0,0,0,0,0,0,0
2026-08-04T00:17:50.305914,23,85.96,212,42,6,7,0,6,6,0,6,0,0,0,0,0.0,1.0,0.0,0.0,0.0,0.0
2026-08-04T00:17:52.371875,369,834.08,1296,42,21,341,0,10,11,0,21,0,0,9,0,0.0,1.0,0.0,0.0,0.4286,0.0
2026-08-04T00:17:54.419874,71,293.96,1296,54,26,36,0,9,10,0,26,1,0,11,0,0.0,1.0,0.0385,0.0,0.4231,0.0
2026-08-04T00:17:56.456167,27,91.07,342,55,4,13,0,7,6,0,4,0,0,0,0,0.0,1.0,0.0,0.0,0.0,0.0
2026-08-04T00:17:58.509818,44,557.61,11090,55,8,29,0,5,6,0,8,0,0,2,0,0.0,1.0,0.0,0.0,0.25,0.0
2026-08-04T00:18:00.532953,294,923.88,1292,55,6,283,0,8,8,0,6,0,0,0,0,0.0,1.0,0.0,0.0,0.0,0.0
2026-08-04T00:18:02.574341,25,70.68,178,54,13,3,0,8,8,0,13,2,0,1,0,0.0,1.0,0.1538,0.0,0.0769,0.0
2026-08-04T00:18:04.641140,30,62.77,212,42,10,1,0,5,5,0,10,3,0,1,0,0.0,1.0,0.3,0.0,0.1,0.0
2026-08-04T00:18:06.685046,22,143.32,1288,42,2,5,0,6,7,0,2,0,0,0,0,0.0,1.0,0.0,0.0,0.0,0.0
2026-08-04T00:18:08.737474,21,72.1,212,55,4,2,0,5,4,0,4,0,0,0,0,0.0,1.0,0.0,0.0,0.0,0.0
2026-08-04T00:18:10.787828,38,74.29,212,55,22,4,0,14,12,0,22,0,0,0,0,0.0,1.0,0.0,0.0,0.0,0.0
2026-08-04T00:18:12.835913,62,663.18,1292,55,2,52,0,6,5,0,2,0,0,0,0,0.0,1.0,0.0,0.0,0.0,0.0
2026-08-04T00:18:14.851380,13,60.0,70,55,8,0,0,5,5,0,8,0,0,0,0,0.0,1.0,0.0,0.0,0.0,0.0
2026-08-04T00:18:16.933983,23,66.26,123,54,12,2,0,5,5,0,12,2,0,2,0,0.0,1.0,0.1667,0.0,0.1667,0.0
2026-08-04T00:18:18.978921,19,74.47,212,55,6,2,0,5,5,0,6,0,0,0,0,0.0,1.0,0.0,0.0,0.0,0.0
2026-08-04T00:18:21.002759,34,109.65,510,55,14,12,0,11,11,0,14,0,0,2,0,0.0,1.0,0.0,0.0,0.1429,0.0
2026-08-04T00:18:23.025846,241,957.87,1292,54,14,221,0,9,9,0,14,2,0,1,0,0.0,1.0,0.1429,0.0,0.0714,0.0
2026-08-04T00:18:25.122995,36,65.06,131,54,28,1,0,9,9,0,28,9,1,5,0,0.0,1.0,0.3214,0.0357,0.1786,0.0
2026-08-04T00:18:27.147669,16,60.06,70,55,10,0,0,6,6,0,10,0,0,0,0,0.0,1.0,0.0,0.0,0.0,0.0
2026-08-04T00:18:29.191289,135,755.96,1292,54,31,98,0,14,14,0,31,8,0,6,0,0.0,1.0,0.2581,0.0,0.1935,0.0
2026-08-04T00:18:31.203683,10,75.9,212,55,2,3,0,4,4,0,2,0,0,0,0,0.0,1.0,0.0,0.0,0.0,0.0
2026-08-04T00:18:33.221683,18,71.39,150,42,6,4,0,5,4,0,6,3,0,1,0,0.0,1.0,0.5,0.0,0.1667,0.0
2026-08-04T00:18:35.259108,11,68.45,142,42,2,2,0,3,3,0,2,0,0,0,0,0.0,1.0,0.0,0.0,0.0,0.0
2026-08-04T00:18:37.300103,14,86.79,167,55,3,7,0,5,5,0,3,0,0,0,0,0.0,1.0,0.0,0.0,0.0,0.0
2026-08-04T00:18:39.374589,307,908.2,1292,54,25,277,0,12,11,0,25,8,0,6,0,0.0,1.0,0.32,0.0,0.24,0.0
2026-08-04T00:18:41.403574,22,79.32,167,54,9,7,0,7,7,0,9,2,0,3,0,0.0,1.0,0.2222,0.0,0.3333,0.0
2026-08-04T00:18:43.465899,265,1003.34,1292,55,4,256,0,4,5,0,4,0,0,0,0,0.0,1.0,0.0,0.0,0.0,0.0
2026-08-04T00:18:45.499660,14,72.57,167,55,6,3,0,5,6,0,6,0,0,0,0,0.0,1.0,0.0,0.0,0.0,0.0
2026-08-04T00:18:47.572898,144,369.81,1296,55,2,136,0,9,9,0,2,0,0,0,0,0.0,1.0,0.0,0.0,0.0,0.0
2026-08-04T00:18:49.681497,17,72.12,167,55,8,3,0,5,7,0,8,0,0,2,0,0.0,1.0,0.0,0.0,0.25,0.0
2026-08-04T00:18:51.698174,20,117.65,510,54,5,8,0,5,5,0,5,2,0,2,0,0.0,1.0,0.4,0.0,0.4,0.0
2026-08-04T00:18:53.756419,134,766.79,20218,54,90,38,0,12,12,7,83,6,4,40,0,0.0778,0.9222,0.0667,0.0444,0.4444,0.0
2026-08-04T00:18:55.848465,42,107.71,1285,54,19,13,0,12,12,0,19,2,0,1,0,0.0,1.0,0.1053,0.0,0.0526,0.0
2026-08-04T00:18:57.862810,15,79.8,167,55,2,8,0,5,5,0,2,0,0,0,0,0.0,1.0,0.0,0.0,0.0,0.0
2026-08-04T00:18:59.950581,280,936.49,1292,54,12,262,0,7,8,0,12,2,0,3,0,0.0,1.0,0.1667,0.0,0.25,0.0
2026-08-04T00:19:01.966041,25,88.28,178,55,4,11,0,8,6,0,4,0,0,0,0,0.0,1.0,0.0,0.0,0.0,0.0
2026-08-04T00:19:04.038412,90,152.8,1292,42,13,19,0,7,7,0,13,3,0,3,0,0.0,1.0,0.2308,0.0,0.2308,0.0
2026-08-04T00:19:06.088822,28,93.75,282,42,8,9,0,8,7,0,8,0,0,0,0,0.0,1.0,0.0,0.0,0.0,0.0
2026-08-04T00:19:08.134027,28,107.68,432,55,8,8,0,8,7,0,8,0,0,0,0,0.0,1.0,0.0,0.0,0.0,0.0
2026-08-04T00:19:10.180585,20,78.5,178,55,2,5,0,4,4,0,2,0,0,0,0,0.0,1.0,0.0,0.0,0.0,0.0
2026-08-04T00:19:12.233192,44,326.98,1292,55,8,27,0,9,8,0,8,0,0,0,0,0.0,1.0,0.0,0.0,0.0,0.0
2026-08-04T00:19:14.251045,23,72.52,167,55,10,5,0,6,7,0,10,0,0,0,0,0.0,1.0,0.0,0.0,0.0,0.0
2026-08-04T00:19:16.321219,22,84.45,167,55,4,9,0,6,5,0,4,0,0,1,0,0.0,1.0,0.0,0.0,0.25,0.0
2026-08-04T00:19:18.371255,33,110.88,1136,54,11,14,0,6,6,0,11,5,0,2,0,0.0,1.0,0.4545,0.0,0.1818,0.0
2026-08-04T00:19:20.386042,16,88.56,178,54,7,5,0,6,5,0,7,2,0,1,0,0.0,1.0,0.2857,0.0,0.1429,0.0
2026-08-04T00:19:22.467929,12,79.92,178,55,2,4,0,4,4,0,2,0,0,0,0,0.0,1.0,0.0,0.0,0.0,0.0
2026-08-04T00:19:24.516315,13,75.77,167,56,1,6,0,4,4,0,1,0,0,0,0,0.0,1.0,0.0,0.0,0.0,0.0
2026-08-04T00:19:26.536436,15,84.27,139,54,8,4,0,5,4,0,8,4,0,2,0,0.0,1.0,0.5,0.0,0.25,0.0
2026-08-04T00:19:28.552741,17,80.18,142,54,8,5,0,5,5,0,8,2,0,1,0,0.0,1.0,0.25,0.0,0.125,0.0
2026-08-04T00:19:30.567690,16,85.69,178,54,7,4,0,6,6,0,7,2,0,1,0,0.0,1.0,0.2857,0.0,0.1429,0.0
2026-08-04T00:19:32.585912,25,82.16,178,54,18,4,0,7,7,0,18,6,0,5,0,0.0,1.0,0.3333,0.0,0.2778,0.0
2026-08-04T00:19:34.682236,9,71.11,167,55,5,1,0,4,5,0,5,0,0,0,0,0.0,1.0,0.0,0.0,0.0,0.0
2026-08-04T00:19:36.703312,17,140.24,282,56,0,10,0,3,2,0,0,0,0,0,0,0,0,0,0,0,0
2026-08-04T00:19:38.770486,21,123.95,432,55,6,9,0,7,6,0,6,0,0,0,0,0.0,1.0,0.0,0.0,0.0,0.0
2026-08-04T00:19:40.799453,25,77.72,178,55,14,6,0,11,10,0,14,0,0,0,0,0.0,1.0,0.0,0.0,0.0,0.0
2026-08-04T00:19:42.827812,11,84.82,178,55,2,5,0,5,5,0,2,0,0,0,0,0.0,1.0,0.0,0.0,0.0,0.0
2026-08-04T00:19:44.849337,10,58.3,70,55,3,0,0,3,2,0,3,0,0,0,0,0.0,1.0,0.0,0.0,0.0,0.0
2026-08-04T00:19:46.860557,8,59.25,70,55,4,0,0,3,3,0,4,0,0,0,0,0.0,1.0,0.0,0.0,0.0,0.0
2026-08-04T00:19:48.892040,19,64.21,131,54,12,0,0,5,6,0,12,2,0,3,0,0.0,1.0,0.1667,0.0,0.25,0.0
2026-08-04T00:19:50.910637,13,76.77,178,55,4,2,0,4,4,0,4,0,0,0,0,0.0,1.0,0.0,0.0,0.0,0.0
2026-08-04T00:19:52.920849,14,74.14,212,42,4,3,0,5,5,0,4,0,0,0,0,0.0,1.0,0.0,0.0,0.0,0.0
2026-08-04T00:19:54.952765,313,938.46,1498,54,3,300,0,5,6,0,3,1,0,0,0,0.0,1.0,0.3333,0.0,0.0,0.0
2026-08-04T00:19:56.963828,15,69.13,123,54,6,2,0,3,3,0,6,2,0,2,0,0.0,1.0,0.3333,0.0,0.3333,0.0
2026-08-04T00:19:58.984633,42,449.33,11093,54,17,20,0,9,9,0,17,0,0,3,0,0.0,1.0,0.0,0.0,0.1765,0.0
2026-08-04T00:20:01.001150,11,83.27,178,56,3,2,0,3,3,0,3,0,0,2,0,0.0,1.0,0.0,0.0,0.6667,0.0
2026-08-04T00:20:03.019874,64,165.16,1296,54,1,17,0,4,4,0,1,1,0,0,0,0.0,1.0,1.0,0.0,0.0,0.0
2026-08-04T00:20:05.061643,19,63.42,212,42,2,1,0,3,3,0,2,0,0,0,0,0.0,1.0,0.0,0.0,0.0,0.0
2026-08-04T00:20:07.114135,17,74.29,212,42,2,2,0,4,3,0,2,0,0,0,0,0.0,1.0,0.0,0.0,0.0,0.0
2026-08-04T00:20:09.167199,73,326.63,1296,55,5,59,0,8,7,0,5,0,0,2,0,0.0,1.0,0.0,0.0,0.4,0.0
2026-08-04T00:20:11.180906,10,87.7,217,56,0,2,0,2,1,0,0,0,0,0,0,0,0,0,0,0,0
2026-08-04T00:20:13.192215,10,74.7,217,55,4,1,0,3,3,0,4,0,0,0,0,0.0,1.0,0.0,0.0,0.0,0.0
2026-08-04T00:20:15.263430,16,160.06,1285,55,4,7,0,5,5,0,4,0,0,0,0,0.0,1.0,0.0,0.0,0.0,0.0
2026-08-04T00:20:17.356276,17,164.88,478,56,0,9,0,3,3,0,0,0,0,0,0,0,0,0,0,0,0
2026-08-04T00:20:19.415032,15,168.2,637,56,3,8,0,5,5,0,3,0,0,2,0,0.0,1.0,0.0,0.0,0.6667,0.0
2026-08-04T00:20:21.432424,12,85.83,212,56,3,3,0,4,4,0,3,0,0,2,0,0.0,1.0,0.0,0.0,0.6667,0.0
2026-08-04T00:20:23.451129,8,198.75,637,56,0,2,0,1,1,0,0,0,0,0,0,0,0,0,0,0,0
2026-08-04T00:20:25.550214,26,140.04,1285,55,11,9,0,9,8,0,11,0,0,0,0,0.0,1.0,0.0,0.0,0.0,0.0
2026-08-04T00:20:27.594887,12,83.17,212,56,0,5,0,4,3,0,0,0,0,0,0,0,0,0,0,0,0
2026-08-04T00:20:29.632330,112,378.28,1296,55,9,97,0,11,11,0,9,0,0,2,0,0.0,1.0,0.0,0.0,0.2222,0.0
2026-08-04T00:20:31.646657,8,78.75,212,55,4,1,0,3,3,0,4,0,0,0,0,0.0,1.0,0.0,0.0,0.0,0.0
2026-08-04T00:20:33.668862,12,72.0,245,42,7,0,0,3,3,0,7,2,0,1,0,0.0,1.0,0.2857,0.0,0.1429,0.0
2026-08-04T00:20:35.688685,10,57.2,70,42,4,0,0,3,3,0,4,0,0,0,0,0.0,1.0,0.0,0.0,0.0,0.0
2026-08-04T00:20:37.734976,9,70.78,167,55,4,1,0,4,4,0,4,0,0,0,0,0.0,1.0,0.0,0.0,0.0,0.0
2026-08-04T00:20:39.777227,10,84.1,172,55,5,2,0,4,4,0,5,0,0,2,0,0.0,1.0,0.0,0.0,0.4,0.0
2026-08-04T00:20:41.826551,16,289.06,718,55,5,9,0,6,5,0,5,0,0,2,0,0.0,1.0,0.0,0.0,0.4,0.0
2026-08-04T00:20:43.932986,19,102.16,718,55,12,4,0,9,9,0,12,0,0,0,0,0.0,1.0,0.0,0.0,0.0,0.0
2026-08-04T00:20:45.944977,28,396.93,1292,56,0,23,0,4,4,0,0,0,0,0,0,0,0,0,0,0,0
2026-08-04T00:20:47.962626,13,122.08,718,54,6,3,0,3,3,0,6,2,0,2,0,0.0,1.0,0.3333,0.0,0.3333,0.0
2026-08-04T00:20:49.996816,16,95.06,487,54,12,2,0,5,5,0,12,5,0,4,0,0.0,1.0,0.4167,0.0,0.3333,0.0
2026-08-04T00:20:52.016582,8,114.62,178,55,2,4,0,4,4,0,2,0,0,0,0,0.0,1.0,0.0,0.0,0.0,0.0
2026-08-04T00:20:54.103616,245,487.03,5818,54,143,98,0,13,14,12,135,6,3,65,0,0.0839,0.9441,0.042,0.021,0.4545,0.0
2026-08-04T00:20:56.166738,34,115.76,1285,54,17,10,0,5,5,0,17,7,0,5,0,0.0,1.0,0.4118,0.0,0.2941,0.0
2026-08-04T00:20:58.213624,14,61.07,97,54,9,0,0,3,3,0,9,2,0,1,0,0.0,1.0,0.2222,0.0,0.1111,0.0
2026-08-04T00:21:00.228075,36,280.11,1292,55,4,28,0,7,8,0,4,0,0,0,0,0.0,1.0,0.0,0.0,0.0,0.0
2026-08-04T00:21:02.311602,29,269.83,1292,56,0,22,0,6,4,0,0,0,0,0,0,0,0,0,0,0,0
2026-08-04T00:21:04.354542,35,76.4,224,42,13,7,0,6,6,0,13,5,0,4,0,0.0,1.0,0.3846,0.0,0.3077,0.0
2026-08-04T00:21:06.416504,67,334.16,1296,42,10,46,0,7,7,0,10,5,0,2,0,0.0,1.0,0.5,0.0,0.2,0.0
2026-08-04T00:21:08.450572,26,147.42,1155,56,0,15,0,4,3,0,0,0,0,0,0,0,0,0,0,0,0
2026-08-04T00:21:10.487976,242,1000.83,1292,54,6,230,0,5,5,0,6,3,0,1,0,0.0,1.0,0.5,0.0,0.1667,0.0
2026-08-04T00:21:12.505050,25,178.24,1027,56,2,19,0,6,7,0,2,0,0,1,0,0.0,1.0,0.0,0.0,0.5,0.0
2026-08-04T00:21:14.527543,9,93.78,208,55,2,5,0,4,4,0,2,0,0,0,0,0.0,1.0,0.0,0.0,0.0,0.0
2026-08-04T00:21:16.537146,27,241.89,2145,54,13,7,0,5,5,0,13,4,0,4,0,0.0,1.0,0.3077,0.0,0.3077,0.0
2026-08-04T00:21:18.556654,20,240.9,1296,54,1,14,0,3,4,0,1,0,0,0,0,0.0,1.0,0.0,0.0,0.0,0.0
2026-08-04T00:21:20.586068,13,171.54,1292,54,6,3,0,4,6,0,6,2,0,0,0,0.0,1.0,0.3333,0.0,0.0,0.0
2026-08-04T00:21:22.636870,402,903.28,23418,54,231,167,0,17,17,12,225,2,1,116,0,0.0519,0.974,0.0087,0.0043,0.5022,0.0
2026-08-04T00:21:24.754253,1274,1047.85,25474,54,1033,240,0,20,24,23,1020,2,1,395,0,0.0223,0.9874,0.0019,0.001,0.3824,0.0
2026-08-04T00:21:26.905782,945,733.52,8530,54,277,666,0,29,29,11,272,0,0,140,0,0.0397,0.9819,0.0,0.0,0.5054,0.0
2026-08-04T00:21:29.032098,739,483.79,6561,54,285,452,0,35,35,17,275,10,6,132,0,0.0596,0.9649,0.0351,0.0211,0.4632,0.0
2026-08-04T00:21:31.153538,638,1007.99,14361,54,293,344,0,27,31,11,287,0,0,118,0,0.0375,0.9795,0.0,0.0,0.4027,0.0
2026-08-04T00:21:33.363371,739,922.37,24058,54,510,228,0,38,40,15,500,0,0,200,0,0.0294,0.9804,0.0,0.0,0.3922,0.0
2026-08-04T00:21:35.478768,294,433.36,10182,54,212,79,1,31,27,22,203,9,5,91,0,0.1038,0.9575,0.0425,0.0236,0.4292,0.0
2026-08-04T00:21:37.536098,62,313.11,1292,54,17,39,0,9,10,0,17,5,2,7,0,0.0,1.0,0.2941,0.1176,0.4118,0.0
2026-08-04T00:21:39.583534,44,206.18,1292,54,24,18,0,11,11,0,24,1,1,8,0,0.0,1.0,0.0417,0.0417,0.3333,0.0
2026-08-04T00:21:41.631029,32,152.41,1494,54,21,6,0,11,10,0,21,7,2,7,0,0.0,1.0,0.3333,0.0952,0.3333,0.0
2026-08-04T00:21:43.657391,183,253.09,1354,54,45,134,0,15,13,0,45,2,0,22,0,0.0,1.0,0.0444,0.0,0.4889,0.0
2026-08-04T00:21:45.765671,1255,967.83,23354,54,981,269,0,18,17,22,970,7,1,331,0,0.0224,0.9888,0.0071,0.001,0.3374,0.0
2026-08-04T00:21:47.996832,1339,684.11,11578,54,741,594,0,35,36,24,729,2,0,276,0,0.0324,0.9838,0.0027,0.0,0.3725,0.0
2026-08-04T00:21:50.022121,160,450.96,8818,54,82,73,0,18,18,7,78,0,0,32,0,0.0854,0.9512,0.0,0.0,0.3902,0.0
2026-08-04T00:21:52.199201,1201,419.39,11738,54,780,418,0,41,46,71,742,4,0,410,0,0.091,0.9513,0.0051,0.0,0.5256,0.0
2026-08-04T00:21:54.266843,682,773.67,5818,42,272,400,0,17,19,16,263,7,1,111,0,0.0588,0.9669,0.0257,0.0037,0.4081,0.0
2026-08-04T00:21:56.285256,107,322.45,4151,54,60,40,0,14,13,2,59,10,2,21,0,0.0333,0.9833,0.1667,0.0333,0.35,0.0
2026-08-04T00:21:58.344299,445,743.95,5333,54,91,349,0,15,14,6,88,3,1,39,0,0.0659,0.967,0.033,0.011,0.4286,0.0
2026-08-04T00:22:00.408754,55,301.98,3753,54,43,8,0,11,9,0,43,3,0,20,0,0.0,1.0,0.0698,0.0,0.4651,0.0
2026-08-04T00:22:02.479140,165,1848.92,38934,54,138,19,0,15,15,4,134,7,2,47,0,0.029,0.971,0.0507,0.0145,0.3406,0.0
2026-08-04T00:22:04.574845,158,713.35,17578,42,88,53,0,13,13,8,84,2,1,44,0,0.0909,0.9545,0.0227,0.0114,0.5,0.0
2026-08-04T00:22:06.583189,12,73.08,212,42,0,2,0,2,2,0,0,0,0,0,0,0,0,0,0,0,0
2026-08-04T00:22:08.737875,1697,893.84,5898,54,1679,6,0,8,10,3,1677,0,0,274,0,0.0018,0.9988,0.0,0.0,0.1632,0.0
2026-08-04T00:22:10.784296,501,527.11,8794,54,194,298,0,37,35,15,186,6,1,56,0,0.0773,0.9588,0.0309,0.0052,0.2887,0.0
2026-08-04T00:22:12.834070,111,280.88,4294,54,48,55,0,14,13,2,47,0,0,17,0,0.0417,0.9792,0.0,0.0,0.3542,0.0
2026-08-04T00:22:14.902910,204,403.02,12766,54,108,89,0,23,23,9,103,5,0,34,0,0.0833,0.9537,0.0463,0.0,0.3148,0.0
2026-08-04T00:22:16.966994,750,1063.52,11738,54,511,232,0,21,21,0,511,2,0,138,0,0.0,1.0,0.0039,0.0,0.2701,0.0
2026-08-04T00:22:19.197684,888,1022.29,5898,54,818,65,0,15,18,8,814,0,0,272,0,0.0098,0.9951,0.0,0.0,0.3325,0.0
2026-08-04T00:22:21.226001,164,1170.87,26334,54,150,5,0,12,12,2,150,0,0,24,0,0.0133,1.0,0.0,0.0,0.16,0.0
2026-08-04T00:22:23.313934,146,369.14,2978,54,85,57,0,15,16,3,83,6,0,42,0,0.0353,0.9765,0.0706,0.0,0.4941,0.0
2026-08-04T00:22:25.414267,689,1219.67,11738,54,655,27,0,7,8,0,655,0,0,220,0,0.0,1.0,0.0,0.0,0.3359,0.0
2026-08-04T00:22:27.479494,686,870.21,17338,54,162,519,0,16,15,10,157,4,1,67,0,0.0617,0.9691,0.0247,0.0062,0.4136,0.0
2026-08-04T00:22:29.562321,679,642.59,11578,54,345,328,0,30,28,18,336,6,2,180,0,0.0522,0.9739,0.0174,0.0058,0.5217,0.0
2026-08-04T00:22:31.621879,428,1238.81,24538,54,286,138,0,18,20,0,286,5,0,76,0,0.0,1.0,0.0175,0.0,0.2657,0.0
2026-08-04T00:22:33.733790,526,515.77,13018,42,257,264,0,32,32,16,249,18,1,105,0,0.0623,0.9689,0.07,0.0039,0.4086,0.0
2026-08-04T00:22:35.850904,539,670.35,20494,42,257,276,0,32,33,6,254,16,6,132,0,0.0233,0.9883,0.0623,0.0233,0.5136,0.0
2026-08-04T00:22:38.016391,128,637.45,16460,54,88,36,0,32,31,0,88,2,0,24,0,0.0,1.0,0.0227,0.0,0.2727,0.0
2026-08-04T00:22:40.101337,45,120.71,910,54,23,17,0,11,10,0,23,3,1,3,0,0.0,1.0,0.1304,0.0435,0.1304,0.0
2026-08-04T00:22:42.149955,40,206.05,1406,42,22,13,0,11,7,0,22,2,1,10,0,0.0,1.0,0.0909,0.0455,0.4545,0.0
2026-08-04T00:22:44.214777,26,131.77,824,54,17,5,0,8,11,0,17,3,2,2,0,0.0,1.0,0.1765,0.1176,0.1176,0.0
2026-08-04T00:22:46.245393,32,406.31,4612,54,25,6,0,8,9,0,25,6,3,7,0,0.0,1.0,0.24,0.12,0.28,0.0
2026-08-04T00:22:48.259597,21,67.14,123,54,16,2,0,5,5,0,16,6,0,4,0,0.0,1.0,0.375,0.0,0.25,0.0
2026-08-04T00:22:50.269656,14,283.64,1292,56,0,10,0,3,3,0,0,0,0,0,0,0,0,0,0,0,0
2026-08-04T00:22:52.284484,45,71.8,178,54,40,2,0,10,10,0,40,13,2,12,0,0.0,1.0,0.325,0.05,0.3,0.0
2026-08-04T00:22:54.335310,151,1553.24,37498,54,119,22,0,16,16,0,119,6,0,42,0,0.0,1.0,0.0504,0.0,0.3529,0.0
2026-08-04T00:22:56.355069,128,282.62,1292,54,73,46,0,31,33,1,72,11,6,3,0,0.0137,0.9863,0.1507,0.0822,0.0411,0.0
2026-08-04T00:22:58.417367,657,769.75,1296,54,15,640,0,15,15,0,15,1,0,5,0,0.0,1.0,0.0667,0.0,0.3333,0.0
2026-08-04T00:23:00.447320,107,337.77,4939,54,39,62,0,19,19,0,39,4,3,5,0,0.0,1.0,0.1026,0.0769,0.1282,0.0
2026-08-04T00:23:02.471183,113,503.12,1292,54,44,61,0,20,20,0,44,3,1,5,0,0.0,1.0,0.0682,0.0227,0.1136,0.0
2026-08-04T00:23:04.581521,139,341.1,1292,42,26,93,0,18,17,0,26,0,0,3,0,0.0,1.0,0.0,0.0,0.1154,0.0
2026-08-04T00:23:06.618363,605,733.34,24538,42,316,278,0,27,26,11,311,6,0,148,0,0.0348,0.9842,0.019,0.0,0.4684,0.0
2026-08-04T00:23:08.671056,40,728.33,2938,54,26,2,0,5,4,1,26,0,0,11,0,0.0385,1.0,0.0,0.0,0.4231,0.0
2026-08-04T00:23:10.796674,541,758.48,14458,54,395,141,0,15,16,11,390,0,0,225,0,0.0278,0.9873,0.0,0.0,0.5696,0.0
2026-08-04T00:23:12.977828,552,686.36,7358,54,353,195,0,24,24,6,350,0,0,129,0,0.017,0.9915,0.0,0.0,0.3654,0.0
2026-08-04T00:23:15.017809,40,284.68,4435,54,37,0,0,11,11,0,37,0,0,13,0,0.0,1.0,0.0,0.0,0.3514,0.0
2026-08-04T00:23:17.068906,74,302.35,4294,54,43,24,0,11,11,0,43,0,0,16,0,0.0,1.0,0.0,0.0,0.3721,0.0
2026-08-04T00:23:19.175460,92,303.73,1820,54,51,35,0,10,9,2,50,0,0,19,0,0.0392,0.9804,0.0,0.0,0.3725,0.0
2026-08-04T00:23:21.272803,82,326.12,4294,54,30,48,0,13,13,2,29,2,0,6,0,0.0667,0.9667,0.0667,0.0,0.2,0.0
2026-08-04T00:23:23.295630,34,174.56,1292,54,17,14,0,10,10,0,17,1,0,1,0,0.0,1.0,0.0588,0.0,0.0588,0.0
2026-08-04T00:23:25.359534,830,1539.56,17574,54,674,153,0,15,16,2,673,8,2,121,0,0.003,0.9985,0.0119,0.003,0.1795,0.0
2026-08-04T00:23:27.393623,301,3725.99,23414,54,283,15,0,6,6,0,283,0,0,7,0,0.0,1.0,0.0,0.0,0.0247,0.0
2026-08-04T00:23:29.445646,494,3127.53,42394,54,377,115,0,15,15,2,376,4,0,48,0,0.0053,0.9973,0.0106,0.0,0.1273,0.0
2026-08-04T00:23:31.485709,303,4190.91,26334,54,299,1,0,8,8,0,299,3,0,6,0,0.0,1.0,0.01,0.0,0.0201,0.0
2026-08-04T00:23:33.534991,389,3172.94,23414,54,386,0,0,2,2,0,386,0,0,0,0,0.0,1.0,0.0,0.0,0.0,0.0
2026-08-04T00:23:35.602446,310,3569.88,46774,54,258,49,0,4,5,0,258,0,0,0,0,0.0,1.0,0.0,0.0,0.0,0.0
2026-08-04T00:23:37.691893,632,2027.05,21954,54,584,45,0,8,8,0,584,2,0,8,0,0.0,1.0,0.0034,0.0,0.0137,0.0
2026-08-04T00:23:39.774398,681,2030.56,19034,54,674,3,0,12,12,0,674,0,0,2,0,0.0,1.0,0.0,0.0,0.003,0.0
2026-08-04T00:23:41.816911,346,2804.18,36554,54,323,20,0,20,20,0,323,1,1,30,0,0.0,1.0,0.0031,0.0031,0.0929,0.0
2026-08-04T00:23:43.897296,41,115.88,1252,54,32,4,0,17,17,0,32,2,1,5,0,0.0,1.0,0.0625,0.0312,0.1562,0.0
2026-08-04T00:23:45.911332,30,163.13,1289,54,7,18,0,6,6,0,7,1,0,1,0,0.0,1.0,0.1429,0.0,0.1429,0.0
2026-08-04T00:23:47.990741,650,1413.86,52618,54,523,125,0,22,22,4,521,2,0,291,0,0.0076,0.9962,0.0038,0.0,0.5564,0.0
2026-08-04T00:23:50.037658,16,65.06,178,55,9,1,0,6,7,0,9,0,0,0,0,0.0,1.0,0.0,0.0,0.0,0.0
2026-08-04T00:23:52.054076,66,397.0,1292,54,20,43,0,10,10,0,20,6,0,2,0,0.0,1.0,0.3,0.0,0.1,0.0
2026-08-04T00:23:54.102509,293,721.61,14658,42,155,133,0,13,13,4,153,1,0,94,0,0.0258,0.9871,0.0065,0.0,0.6065,0.0
2026-08-04T00:23:56.183736,47,75.87,538,42,38,0,0,16,16,0,38,1,0,6,0,0.0,1.0,0.0263,0.0,0.1579,0.0
2026-08-04T00:23:58.217737,41,129.98,1292,54,26,11,0,10,11,0,26,4,3,1,0,0.0,1.0,0.1538,0.1154,0.0385,0.0
2026-08-04T00:24:00.232623,52,282.98,5013,54,36,11,0,13,13,0,36,0,0,8,0,0.0,1.0,0.0,0.0,0.2222,0.0
2026-08-04T00:24:02.257674,74,312.5,5393,54,31,35,0,16,16,0,31,0,0,4,0,0.0,1.0,0.0,0.0,0.129,0.0
2026-08-04T00:24:04.296006,203,845.27,18981,42,92,98,0,16,16,2,91,2,1,33,0,0.0217,0.9891,0.0217,0.0109,0.3587,0.0
2026-08-04T00:24:06.324810,152,2329.84,30298,54,116,25,0,15,17,0,116,0,0,41,0,0.0,1.0,0.0,0.0,0.3534,0.0
2026-08-04T00:24:08.460576,1068,971.57,1326,54,14,1047,0,8,9,0,14,0,0,2,0,0.0,1.0,0.0,0.0,0.1429,0.0
2026-08-04T00:24:10.585830,986,1002.81,1326,55,5,973,0,8,6,0,5,0,0,3,0,0.0,1.0,0.0,0.0,0.6,0.0
2026-08-04T00:24:12.660702,918,954.37,2882,54,27,886,0,10,10,6,23,0,0,7,0,0.2222,0.8519,0.0,0.0,0.2593,0.0
2026-08-04T00:24:14.749598,581,947.29,2926,54,34,542,0,9,9,2,33,0,0,17,0,0.0588,0.9706,0.0,0.0,0.5,0.0
2026-08-04T00:24:16.794488,98,1117.26,16460,54,80,11,0,7,9,0,80,0,0,37,0,0.0,1.0,0.0,0.0,0.4625,0.0
2026-08-04T00:24:18.819151,33,396.42,1296,54,4,23,0,5,6,0,4,2,1,1,0,0.0,1.0,0.5,0.25,0.25,0.0
2026-08-04T00:24:20.840568,98,1659.51,15898,54,90,5,0,7,6,0,90,0,0,24,0,0.0,1.0,0.0,0.0,0.2667,0.0
2026-08-04T00:24:22.860118,13,60.0,70,55,8,0,0,4,4,0,8,0,0,0,0,0.0,1.0,0.0,0.0,0.0,0.0
2026-08-04T00:24:24.898075,29,85.72,343,55,13,9,0,9,11,0,13,0,0,0,0,0.0,1.0,0.0,0.0,0.0,0.0
2026-08-04T00:24:26.930996,156,383.48,1854,54,69,84,0,21,21,2,68,6,0,14,0,0.029,0.9855,0.087,0.0,0.2029,0.0
2026-08-04T00:24:29.044215,70,260.74,1296,54,31,35,0,20,18,0,31,2,0,3,0,0.0,1.0,0.0645,0.0,0.0968,0.0
2026-08-04T00:24:31.064981,13,89.69,212,55,4,5,0,6,5,0,4,0,0,0,0,0.0,1.0,0.0,0.0,0.0,0.0
2026-08-04T00:24:33.152722,73,307.49,5898,54,60,9,0,14,14,2,59,2,0,17,0,0.0333,0.9833,0.0333,0.0,0.2833,0.0
2026-08-04T00:24:35.171043,63,379.44,2978,42,55,4,0,10,11,2,54,5,3,20,0,0.0364,0.9818,0.0909,0.0545,0.3636,0.0
2026-08-04T00:24:37.246520,14,79.79,167,55,4,5,0,5,5,0,4,0,0,0,0,0.0,1.0,0.0,0.0,0.0,0.0
2026-08-04T00:24:39.296900,153,265.3,2974,54,92,58,0,16,16,6,89,8,0,39,0,0.0652,0.9674,0.087,0.0,0.4239,0.0
2026-08-04T00:24:41.325092,57,116.02,1286,54,34,17,0,14,12,0,34,2,0,10,0,0.0,1.0,0.0588,0.0,0.2941,0.0
2026-08-04T00:24:43.390447,27,92.33,432,55,18,3,0,10,10,0,18,0,0,0,0,0.0,1.0,0.0,0.0,0.0,0.0
2026-08-04T00:24:45.474720,21,117.57,1254,55,16,0,0,8,8,0,16,0,0,1,0,0.0,1.0,0.0,0.0,0.0625,0.0
2026-08-04T00:24:47.506340,184,360.11,1296,54,33,147,0,19,20,0,33,2,1,2,0,0.0,1.0,0.0606,0.0303,0.0606,0.0
2026-08-04T00:24:49.530131,27,63.07,82,55,21,1,0,11,11,0,21,0,0,2,0,0.0,1.0,0.0,0.0,0.0952,0.0
2026-08-04T00:24:51.624102,29,60.34,70,54,22,0,0,10,12,0,22,0,0,0,0,0.0,1.0,0.0,0.0,0.0,0.0
2026-08-04T00:24:53.637670,38,153.66,1223,54,20,14,0,8,8,0,20,0,0,7,0,0.0,1.0,0.0,0.0,0.35,0.0
2026-08-04T00:24:55.663210,32,163.44,1292,54,16,9,0,7,7,0,16,0,0,10,0,0.0,1.0,0.0,0.0,0.625,0.0
2026-08-04T00:24:57.682948,66,362.09,1296,54,7,54,0,9,8,0,7,0,0,0,0,0.0,1.0,0.0,0.0,0.0,0.0
2026-08-04T00:24:59.729545,20,619.2,7495,54,11,4,0,5,5,0,11,0,0,5,0,0.0,1.0,0.0,0.0,0.4545,0.0
2026-08-04T00:25:01.804199,29,75.69,178,54,16,6,0,8,7,0,16,2,0,4,0,0.0,1.0,0.125,0.0,0.25,0.0
2026-08-04T00:25:03.875949,101,76.48,818,42,13,1,0,4,4,0,13,0,0,8,0,0.0,1.0,0.0,0.0,0.6154,0.0
2026-08-04T00:25:05.913910,19,58.32,72,55,2,2,0,3,3,0,2,0,0,0,0,0.0,1.0,0.0,0.0,0.0,0.0
2026-08-04T00:25:07.963650,31,64.13,123,42,14,4,0,7,7,0,14,2,0,2,0,0.0,1.0,0.1429,0.0,0.1429,0.0
2026-08-04T00:25:10.015021,25,63.84,178,55,12,1,0,8,8,0,12,0,0,0,0,0.0,1.0,0.0,0.0,0.0,0.0
2026-08-04T00:25:12.058028,77,174.05,1963,54,55,13,0,19,20,2,54,5,4,6,0,0.0364,0.9818,0.0909,0.0727,0.1091,0.0
2026-08-04T00:25:14.080286,70,327.3,2938,54,30,34,0,18,18,3,28,0,0,4,0,0.1,0.9333,0.0,0.0,0.1333,0.0
2026-08-04T00:25:16.155960,20,58.6,78,54,10,0,0,5,6,3,8,1,0,1,0,0.3,0.8,0.1,0.0,0.1,0.0
2026-08-04T00:25:18.204191,35,100.6,1494,54,25,2,0,9,9,1,25,0,0,0,0,0.04,1.0,0.0,0.0,0.0,0.0
2026-08-04T00:25:20.227319,23,85.83,178,55,9,10,0,8,8,0,9,0,0,0,0,0.0,1.0,0.0,0.0,0.0,0.0
2026-08-04T00:25:22.253926,21,89.86,178,54,9,8,0,7,6,0,9,3,0,1,0,0.0,1.0,0.3333,0.0,0.1111,0.0
2026-08-04T00:25:24.303684,52,112.29,568,54,26,20,0,16,17,0,26,4,0,4,0,0.0,1.0,0.1538,0.0,0.1538,0.0
2026-08-04T00:25:26.407390,142,374.98,1296,54,61,75,0,20,19,0,61,22,0,11,0,0.0,1.0,0.3607,0.0,0.1803,0.0
2026-08-04T00:25:28.448224,37,150.24,1218,54,24,8,0,13,12,0,24,4,0,2,0,0.0,1.0,0.1667,0.0,0.0833,0.0
2026-08-04T00:25:30.491907,40,131.68,508,54,33,4,0,11,12,0,33,2,0,4,0,0.0,1.0,0.0606,0.0,0.1212,0.0
2026-08-04T00:25:32.544562,53,68.57,178,54,46,2,0,18,18,0,46,8,0,4,0,0.0,1.0,0.1739,0.0,0.087,0.0
2026-08-04T00:25:34.564477,95,305.39,4294,54,55,35,0,17,17,2,54,2,0,18,0,0.0364,0.9818,0.0364,0.0,0.3273,0.0
2026-08-04T00:25:36.651858,37,99.84,1123,55,21,10,0,14,13,0,21,0,0,0,0,0.0,1.0,0.0,0.0,0.0,0.0
2026-08-04T00:25:38.761953,14,75.57,212,55,8,3,0,6,6,0,8,0,0,0,0,0.0,1.0,0.0,0.0,0.0,0.0
2026-08-04T00:25:40.861824,346,621.48,18726,54,150,191,0,16,15,13,143,0,0,74,0,0.0867,0.9533,0.0,0.0,0.4933,0.0
2026-08-04T00:25:42.971022,546,628.64,14658,54,330,211,0,22,22,14,323,9,3,161,0,0.0424,0.9788,0.0273,0.0091,0.4879,0.0
2026-08-04T00:25:45.031450,237,959.91,14658,54,188,45,0,8,8,14,181,10,5,77,0,0.0745,0.9628,0.0532,0.0266,0.4096,0.0
2026-08-04T00:25:47.168242,776,1010.07,7358,54,200,573,0,7,8,0,200,0,0,77,0,0.0,1.0,0.0,0.0,0.385,0.0
2026-08-04T00:25:49.357602,851,815.27,5898,54,319,527,0,15,17,4,315,3,0,84,0,0.0125,0.9875,0.0094,0.0,0.2633,0.0
2026-08-04T00:25:51.475753,647,896.82,5706,54,259,381,0,17,17,0,259,0,0,103,0,0.0,1.0,0.0,0.0,0.3977,0.0
2026-08-04T00:25:53.565852,947,790.36,5898,54,296,647,0,15,17,5,292,0,0,110,0,0.0169,0.9865,0.0,0.0,0.3716,0.0
2026-08-04T00:25:55.680880,87,292.54,1801,42,44,35,0,14,14,2,43,0,0,23,0,0.0455,0.9773,0.0,0.0,0.5227,0.0
2026-08-04T00:25:57.882391,871,1180.85,11578,42,852,13,0,7,9,0,852,0,0,267,0,0.0,1.0,0.0,0.0,0.3134,0.0
2026-08-04T00:26:00.081493,875,816.91,5818,54,97,777,0,10,11,0,97,0,0,16,0,0.0,1.0,0.0,0.0,0.1649,0.0
2026-08-04T00:26:02.306188,596,793.56,5802,54,97,493,0,16,17,8,93,3,0,43,0,0.0825,0.9588,0.0309,0.0,0.4433,0.0
2026-08-04T00:26:04.401115,303,995.04,1498,42,11,291,0,6,6,0,11,1,0,2,0,0.0,1.0,0.0909,0.0,0.1818,0.0
2026-08-04T00:26:06.512602,409,1231.04,14658,42,388,7,0,13,13,0,388,0,0,203,0,0.0,1.0,0.0,0.0,0.5232,0.0
2026-08-04T00:26:08.625210,562,932.09,8794,54,234,320,0,19,17,4,232,0,2,110,0,0.0171,0.9915,0.0,0.0085,0.4701,0.0
2026-08-04T00:26:10.768305,666,1015.93,8698,54,269,392,0,15,15,4,267,3,0,111,0,0.0149,0.9926,0.0112,0.0,0.4126,0.0
2026-08-04T00:26:12.866189,386,1042.94,20031,54,211,170,0,19,17,2,210,6,0,73,0,0.0095,0.9953,0.0284,0.0,0.346,0.0
2026-08-04T00:26:14.928900,740,735.89,13538,54,190,546,0,13,13,2,189,2,0,103,0,0.0105,0.9947,0.0105,0.0,0.5421,0.0
2026-08-04T00:26:17.006906,263,700.67,11458,54,163,96,0,18,17,2,162,0,0,87,0,0.0123,0.9939,0.0,0.0,0.5337,0.0
2026-08-04T00:26:19.058966,122,756.89,1772,54,27,89,0,14,12,0,27,4,0,7,0,0.0,1.0,0.1481,0.0,0.2593,0.0
2026-08-04T00:26:21.098084,38,217.53,1292,54,17,16,0,10,9,0,17,2,0,3,0,0.0,1.0,0.1176,0.0,0.1765,0.0
2026-08-04T00:26:23.159536,108,748.01,5802,54,88,16,0,11,11,0,88,2,0,33,0,0.0,1.0,0.0227,0.0,0.375,0.0
2026-08-04T00:26:25.206293,145,611.03,1506,54,35,107,0,13,13,0,35,0,0,10,0,0.0,1.0,0.0,0.0,0.2857,0.0
2026-08-04T00:26:27.241870,25,68.72,131,54,22,0,0,8,8,0,22,5,0,4,0,0.0,1.0,0.2273,0.0,0.1818,0.0
2026-08-04T00:26:29.301252,84,385.68,11091,54,47,34,0,16,16,0,47,10,0,13,0,0.0,1.0,0.2128,0.0,0.2766,0.0
2026-08-04T00:26:31.340581,13,71.69,212,55,8,1,0,5,5,0,8,0,0,0,0,0.0,1.0,0.0,0.0,0.0,0.0
2026-08-04T00:26:33.387836,96,274.48,1498,42,13,74,0,15,12,0,13,2,0,3,0,0.0,1.0,0.1538,0.0,0.2308,0.0
2026-08-04T00:26:35.476504,286,657.76,18726,54,233,49,0,26,26,6,230,31,2,79,0,0.0258,0.9871,0.133,0.0086,0.3391,0.0
2026-08-04T00:26:37.727583,141,885.99,11553,54,125,12,0,7,9,0,125,2,0,60,0,0.0,1.0,0.016,0.0,0.48,0.0
2026-08-04T00:26:39.747008,85,596.31,4366,54,22,59,0,12,11,0,22,0,0,8,0,0.0,1.0,0.0,0.0,0.3636,0.0
2026-08-04T00:26:41.763861,42,108.12,939,54,34,6,0,11,11,0,34,0,0,8,0,0.0,1.0,0.0,0.0,0.2353,0.0
2026-08-04T00:26:43.850636,517,908.74,7358,54,33,481,0,14,14,2,32,0,0,7,0,0.0606,0.9697,0.0,0.0,0.2121,0.0
2026-08-04T00:26:45.887834,180,958.86,13018,54,133,41,0,14,15,2,132,11,2,45,0,0.015,0.9925,0.0827,0.015,0.3383,0.0
2026-08-04T00:26:47.922416,121,700.5,8698,54,102,15,0,12,11,0,102,0,0,41,0,0.0,1.0,0.0,0.0,0.402,0.0
2026-08-04T00:26:49.986230,191,597.48,8745,54,163,24,0,9,9,2,162,0,0,92,0,0.0123,0.9939,0.0,0.0,0.5644,0.0
2026-08-04T00:26:52.209963,718,789.04,16460,54,446,269,0,16,17,4,444,4,0,161,0,0.009,0.9955,0.009,0.0,0.361,0.0
2026-08-04T00:26:54.263541,224,1003.15,16460,54,159,58,0,18,18,0,159,12,0,68,0,0.0,1.0,0.0755,0.0,0.4277,0.0
2026-08-04T00:26:56.452623,383,752.85,2978,54,166,211,0,13,13,0,166,0,0,80,0,0.0,1.0,0.0,0.0,0.4819,0.0
2026-08-04T00:26:58.559711,60,916.97,13211,54,54,0,0,8,9,0,54,2,0,23,0,0.0,1.0,0.037,0.0,0.4259,0.0
2026-08-04T00:27:00.633349,524,980.7,8818,54,441,77,0,13,13,0,441,2,0,236,0,0.0,1.0,0.0045,0.0,0.5351,0.0
2026-08-04T00:27:02.732093,1006,1515.31,40938,54,970,33,0,16,16,2,969,2,0,386,0,0.0021,0.999,0.0021,0.0,0.3979,0.0
2026-08-04T00:27:04.822410,227,1105.19,5898,42,208,3,0,11,11,0,208,0,0,69,0,0.0,1.0,0.0,0.0,0.3317,0.0
2026-08-04T00:27:06.834208,28,95.14,508,54,14,4,0,9,8,0,14,2,0,1,0,0.0,1.0,0.1429,0.0,0.0714,0.0
2026-08-04T00:27:08.870773,168,426.18,3419,54,66,91,0,6,7,0,66,4,1,38,0,0.0,1.0,0.0606,0.0152,0.5758,0.0
2026-08-04T00:27:11.012863,622,944.32,4438,54,618,2,0,8,10,0,618,2,0,98,0,0.0,1.0,0.0032,0.0,0.1586,0.0
2026-08-04T00:27:13.107587,186,753.32,16460,54,142,40,0,13,14,0,142,1,0,59,0,0.0,1.0,0.007,0.0,0.4155,0.0
2026-08-04T00:27:15.197985,614,1496.29,16460,54,609,2,0,3,3,0,609,0,0,109,0,0.0,1.0,0.0,0.0,0.179,0.0
2026-08-04T00:27:17.310250,48,265.42,1424,54,20,21,0,8,7,0,20,5,0,7,0,0.0,1.0,0.25,0.0,0.35,0.0
2026-08-04T00:27:19.344433,21,285.1,1830,54,15,2,0,6,6,0,15,0,0,7,0,0.0,1.0,0.0,0.0,0.4667,0.0
2026-08-04T00:27:21.425508,353,1734.02,42054,54,348,1,0,10,10,2,347,1,0,90,0,0.0057,0.9971,0.0029,0.0,0.2586,0.0
2026-08-04T00:27:23.442182,57,476.35,4294,54,26,28,0,5,5,2,25,0,0,10,0,0.0769,0.9615,0.0,0.0,0.3846,0.0
2026-08-04T00:27:25.469565,76,637.26,11090,54,12,58,0,10,11,0,12,0,0,6,0,0.0,1.0,0.0,0.0,0.5,0.0
2026-08-04T00:27:27.552720,14,60.64,70,55,10,0,0,6,6,0,10,0,0,0,0,0.0,1.0,0.0,0.0,0.0,0.0
2026-08-04T00:27:29.584028,20,67.55,131,54,13,3,0,8,8,0,13,2,0,3,0,0.0,1.0,0.1538,0.0,0.2308,0.0
2026-08-04T00:27:31.613595,19,60.58,93,54,15,0,0,6,7,0,15,3,0,2,0,0.0,1.0,0.2,0.0,0.1333,0.0
2026-08-04T00:27:33.658760,23,60.57,70,54,19,0,0,8,9,0,19,1,0,0,0,0.0,1.0,0.0526,0.0,0.0,0.0
2026-08-04T00:27:35.686277,32,1976.47,21054,55,27,2,0,6,6,0,27,0,0,7,0,0.0,1.0,0.0,0.0,0.2593,0.0
2026-08-04T00:27:37.788058,20,70.15,212,54,12,1,0,7,7,0,12,2,0,1,0,0.0,1.0,0.1667,0.0,0.0833,0.0
2026-08-04T00:27:39.908552,32,74.19,212,55,21,7,0,13,14,0,21,0,0,4,0,0.0,1.0,0.0,0.0,0.1905,0.0
2026-08-04T00:27:41.922170,7,111.71,178,56,0,4,0,2,2,0,0,0,0,0,0,0,0,0,0,0,0
2026-08-04T00:27:43.939825,24,134.33,282,55,7,11,0,7,6,0,7,0,0,0,0,0.0,1.0,0.0,0.0,0.0,0.0
2026-08-04T00:27:45.975440,29,145.83,395,55,12,10,0,10,9,0,12,0,0,0,0,0.0,1.0,0.0,0.0,0.0,0.0
2026-08-04T00:27:48.089911,45,120.0,1285,54,25,15,0,14,13,0,25,2,0,5,0,0.0,1.0,0.08,0.0,0.2,0.0
2026-08-04T00:27:50.138408,48,291.06,4708,54,42,3,0,12,14,0,42,6,1,11,0,0.0,1.0,0.1429,0.0238,0.2619,0.0
